title,publish_time,source,related_instruments
机构：上半年房企拿地大幅下降，央国企仍是重点城市拿地主力,2023-07-01 15:01:08,快兰斯24小时财经,01109.HK
河南召开生物医药产业链培育会议，华兰生物、安图生物等参会,2023-07-02 07:41:39,快兰斯24小时财经,"600285.SH,002007.SZ"
珠海港：秀强股份的BIPV玻璃客户有隆基、晶科、东方日升等,2023-07-02 13:32:42,快兰斯24小时财经,"000507.SZ,300118.SZ,300160.SZ"
中泰证券：暑运旺季开启，航空迎来量价齐升,2023-07-02 21:00:34,快兰斯24小时财经,"CEA.US,600004.SH,600115.SH,600009.SH,601021.SH,600029.SH,ZNH.US"
浙商银行完成发行约48.3亿股A股配股股份,2023-07-02 21:41:44,快兰斯24小时财经,"600030.SH,06030.HK"
上半年IPO承销榜单“尘埃落定”，券商投行业务“马太效应”显著,2023-07-03 05:09:10,快兰斯24小时财经,"601066.SH,600030.SH,06030.HK"
中国核电机组顶峰运转 日产清洁能源超6亿度,2023-07-03 07:27:55,快兰斯24小时财经,CLNE.US
中汽协：1-5月 汽车销量排名前十位企业中比亚迪销量增速最为明显,2023-07-03 09:17:48,快兰斯24小时财经,"00175.HK,01211.HK,600733.SH,000625.SZ,002594.SZ"
张江高科、恒生电子等共设私募基金公司 注册资本41亿,2023-07-03 09:26:19,快兰斯24小时财经,"601211.SH,600895.SH,02611.HK,600570.SH"
电网改造概念走高 上能电气领涨,2023-07-03 09:32:42,快兰斯24小时财经,"603063.SH,300491.SZ,300982.SZ,300827.SZ"
复合集流体板块早盘走强 英联股份6天4板,2023-07-03 09:33:48,快兰斯24小时财经,"002992.SZ,603800.SH,002846.SZ,002585.SZ,301389.SZ"
一体压铸概念走高 广东鸿图涨超9%,2023-07-03 09:36:30,快兰斯24小时财经,"002101.SZ,605208.SH,002965.SZ"
医疗信息化板块早盘跳水 卫宁健康20CM跌停,2023-07-03 09:37:31,快兰斯24小时财经,"002777.SZ,300253.SZ,300168.SZ,688246.SH"
减速器概念股继续活跃,2023-07-03 09:39:55,快兰斯24小时财经,"000678.SZ,300549.SZ,002031.SZ,002708.SZ,600835.SH"
智能驾驶板块异动拉升 德迈仕20CM涨停,2023-07-03 09:42:36,快兰斯24小时财经,"002703.SZ,01057.HK,301007.SZ,601127.SH,002920.SZ"
CPO概念股震荡下挫,2023-07-03 09:47:44,快兰斯24小时财经,"002281.SZ,301183.SZ,300394.SZ,300502.SZ,300308.SZ"
航空运输板块盘中持续拉升,2023-07-03 09:52:30,快兰斯24小时财经,"601021.SH,00753.HK,601111.SH,600029.SH,002928.SZ,ZNH.US"
游戏、传媒板块大幅跳水,2023-07-03 09:55:58,快兰斯24小时财经,"300494.SZ,002517.SZ,002558.SZ,300002.SZ,002605.SZ,002555.SZ"
AIGC概念持续下挫 电魂网络跌停,2023-07-03 09:56:30,快兰斯24小时财经,"300033.SZ,002315.SZ,300624.SZ,002230.SZ"
中药板块震荡下挫 太极集团跌停,2023-07-03 09:58:19,快兰斯24小时财经,"600129.SH,000989.SZ,000999.SZ,600329.SH,000423.SZ"
旅游、酒店餐饮板块震荡走强 曲江文旅、君亭酒店涨超5%,2023-07-03 09:58:41,快兰斯24小时财经,"000796.SZ,000610.SZ,600754.SH,301073.SZ,600706.SH"
白酒板块震荡走高,2023-07-03 10:00:21,快兰斯24小时财经,"600519.SH,002304.SZ,000568.SZ,600809.SH,600702.SH,000799.SZ"
中字头股票拉升,2023-07-03 10:13:44,快兰斯24小时财经,"002051.SZ,000928.SZ,01138.HK,300374.SZ,000151.SZ,600026.SH"
大金融板块震荡走高,2023-07-03 10:18:30,快兰斯24小时财经,"02628.HK,LFC.US,601628.SH,601601.SH,01336.HK,601555.SH,601577.SH,02601.HK,06030.HK,600030.SH,601336.SH"
机器人板块冲高回落 鸣志电器触及跌停,2023-07-03 10:29:44,快兰斯24小时财经,"002896.SZ,301368.SZ,300403.SZ,HLIT.US,688017.SH,603662.SH,603728.SH"
新相微：公司产品已广泛应用于惠普、戴尔、长虹等知名终端品牌,2023-07-03 10:54:30,快兰斯24小时财经,"HPQ.US,000725.SZ"
信创板块异动拉升,2023-07-03 11:00:02,快兰斯24小时财经,"600536.SH,301153.SZ,300366.SZ,002771.SZ"
建发汽车与红星美凯龙、卡乃驰达成战略合作,2023-07-03 11:11:49,快兰斯24小时财经,600153.SH
韶能股份：子公司华南精锻科技生产精密锻造件，不生产减速器,2023-07-03 11:15:18,快兰斯24小时财经,000601.SZ
联络互动：目前阿里巴巴没有入股公司,2023-07-03 11:16:40,快兰斯24小时财经,"09988.HK,BABA.US"
风电板块持续拉升 大金重工涨停,2023-07-03 11:29:29,快兰斯24小时财经,"688248.SH,688663.SH,300274.SZ,002150.SZ,002487.SZ"
中国稀土：截至6月30日收盘，公司股东人数总户数为17.58万,2023-07-03 12:12:54,快兰斯24小时财经,00769.HK
汽车整车板块午后持续拉升,2023-07-03 13:07:54,快兰斯24小时财经,"000951.SZ,01211.HK,03808.HK,601127.SH,000980.SZ,002594.SZ,600686.SH"
机器人概念股午后持续下探,2023-07-03 13:23:31,快兰斯24小时财经,"300276.SZ,002527.SZ,688165.SH,HLIT.US,688017.SH,603666.SH"
贵金属板块上扬,2023-07-03 13:33:20,快兰斯24小时财经,"01787.HK,600489.SH,000975.SZ,600547.SH"
白酒股震荡走高,2023-07-03 13:41:54,快兰斯24小时财经,"600779.SH,000568.SZ,000860.SZ,600702.SH,000799.SZ"
佳创视讯：已获取到visionOS SDK及模拟器，正初步开展项目迁移与开发测试,2023-07-03 13:50:12,快兰斯24小时财经,AAPL.US
苹果被迫大幅下调Vision Pro产量预期？赛腾股份：未接到相关信息,2023-07-03 13:58:08,快兰斯24小时财经,"002475.SZ,AAPL.US"
汽车整车板块再度拉升 金龙汽车涨停,2023-07-03 14:29:42,快兰斯24小时财经,"600166.SH,000957.SZ,600213.SH,601127.SH,000625.SZ,000980.SZ,600686.SH"
港股石油股震荡走高,2023-07-03 15:34:29,快兰斯24小时财经,"00702.HK,600871.SH,00883.HK,SNP.US,01033.HK"
晶科能源：公司已签订总量50GW以上，全年订单可见度较高,2023-07-03 16:09:37,快兰斯24小时财经,JKS.US
中大力德：目前公司正在研发试制消隙减速器,2023-07-03 16:50:25,快兰斯24小时财经,HLIT.US
锋尚文化：联合预中标唐岛湾文化艺术中心配套项目（工程总承包）1标段,2023-07-03 16:51:19,快兰斯24小时财经,300860.SZ
盈峰环境：子公司中标合计11.22亿元项目,2023-07-03 17:02:07,快兰斯24小时财经,"01157.HK,000157.SZ"
复星医药：复宏汉霖终止上市辅导,2023-07-03 18:19:31,快兰斯24小时财经,02696.HK
天源环保：签订垃圾焚烧发电项目垃圾渗滤液、洁净水处理系统运维服务合同,2023-07-03 18:35:20,快兰斯24小时财经,300172.SZ
中南建设：盐城东台紫云集三期年底交付有保障,2023-07-03 18:38:40,快兰斯24小时财经,YJ.US
广汽埃安古惠南：埃安IPO正按计划走，最快也要到2024年,2023-07-03 18:39:39,快兰斯24小时财经,02238.HK
汤姆猫：目前海外子公司接入的是GPT-3.5、GPT-4的API,2023-07-03 20:19:31,快兰斯24小时财经,"GOOG.US,MSFT.US,GOOGL.US"
业内人士：银行加强信用卡业务管控的背后 意味着信用卡行业步入转型深水区,2023-07-04 06:55:31,快兰斯24小时财经,"601939.SH,00939.HK"
浙商证券：信创产业有望成为今年下半年业绩兑现的主要方向,2023-07-04 08:43:47,快兰斯24小时财经,"003029.SZ,688201.SH,603039.SH,002261.SZ,000034.SZ,600536.SH,300036.SZ,002368.SZ,688369.SH"
昨日电子行业融资净买入超12亿元,2023-07-04 09:15:55,快兰斯24小时财经,"00763.HK,002230.SZ,000063.SZ,300308.SZ"
CPO概念股盘初活跃,2023-07-04 09:32:44,快兰斯24小时财经,"688498.SH,300502.SZ,688048.SH,300570.SZ,600703.SH,002902.SZ"
减速器概念股盘初拉升,2023-07-04 09:34:30,快兰斯24小时财经,"300503.SZ,002403.SZ,002031.SZ,HLIT.US,300549.SZ,002553.SZ"
港股汽车股跌幅扩大，,2023-07-04 09:38:07,快兰斯24小时财经,"02015.HK,XPEV.US,NIO.US,09863.HK,09866.HK,LI.US,09868.HK"
三代半导体板块早盘拉升 光智科技20CM涨停,2023-07-04 09:39:00,快兰斯24小时财经,"300489.SZ,300323.SZ,300623.SZ,300102.SZ,300708.SZ,300046.SZ"
电力板块再度回调,2023-07-04 09:40:30,快兰斯24小时财经,"000037.SZ,002893.SZ,000993.SZ,605162.SH"
无人驾驶板块走高,2023-07-04 09:46:30,快兰斯24小时财经,"002976.SZ,603266.SH,300496.SZ,01057.HK,002920.SZ,002703.SZ"
九洲集团：目前清洁能源方面在手项目超过1GW,2023-07-04 09:46:36,快兰斯24小时财经,CLNE.US
影视传媒板块拉升,2023-07-04 09:51:30,快兰斯24小时财经,"300528.SZ,002739.SZ,300426.SZ,002905.SZ"
机械设备板块早盘冲高 弘讯科技、林州重机涨停,2023-07-04 09:51:55,快兰斯24小时财经,"002535.SZ,301448.SZ,300489.SZ,300549.SZ"
汽车零部件板块持续走高 圣龙股份3连板,2023-07-04 09:58:44,快兰斯24小时财经,"301221.SZ,300473.SZ,603178.SH,603085.SH"
游戏板块再度震荡走低,2023-07-04 10:02:18,快兰斯24小时财经,"300494.SZ,002605.SZ,300467.SZ,300315.SZ"
立讯精密回应苹果头显减产传闻：有保密协议 对具体客户事项不便透露,2023-07-04 10:09:36,快兰斯24小时财经,AAPL.US
A股新能源车产业链持续走高，板块内个股掀涨停潮,2023-07-04 10:19:30,快兰斯24小时财经,"001311.SZ,603178.SH,002703.SZ,002055.SZ,01057.HK,601279.SH,002196.SZ,603758.SH,000980.SZ,688280.SH,300707.SZ,603085.SH"
创业板股最新股东户数降幅排行榜,2023-07-04 10:21:46,快兰斯24小时财经,300594.SZ
游戏板块延续低迷 姚记科技逼近跌停,2023-07-04 10:35:19,快兰斯24小时财经,"300494.SZ,300533.SZ,600892.SH,002605.SZ,300315.SZ"
镓、锗相关物项将出口管制，云南锗业、驰宏锌锗开盘涨停，双双回应,2023-07-04 10:36:01,快兰斯24小时财经,002428.SZ
智能驾驶概念股震荡走高 光庭信息20CM涨停,2023-07-04 10:39:55,快兰斯24小时财经,"002703.SZ,002055.SZ,002355.SZ,01057.HK,002906.SZ,301221.SZ,002813.SZ,002920.SZ"
电力股震荡走弱 天富能源快速跳水跌超7%,2023-07-04 10:44:45,快兰斯24小时财经,"000037.SZ,605011.SH,600509.SH,002893.SZ,605028.SH,605162.SH"
将为AirPods提供体温测试功能？立讯精密：不作评论,2023-07-04 11:17:16,快兰斯24小时财经,AAPL.US
瑞玛精密于上海设立新能源科技子公司,2023-07-04 12:12:12,快兰斯24小时财经,001258.SZ
中集SOE订单排至2026年 总在手订单金额近65亿元,2023-07-04 12:16:55,快兰斯24小时财经,"03899.HK,CLNE.US"
创新药板块午后异动拉升 百利天恒直线冲板,2023-07-04 13:04:13,快兰斯24小时财经,"688235.SH,06160.HK,BGNE.US,688266.SH,688197.SH"
PET铜箔概念股午后震荡回调,2023-07-04 13:13:54,快兰斯24小时财经,"300057.SZ,603773.SH,688359.SH,301217.SZ"
汽车整车板块午后持续上扬,2023-07-04 13:26:29,快兰斯24小时财经,"000868.SZ,600066.SH,600418.SH,000980.SZ"
6G板块异动拉升 中国卫星逼近涨停,2023-07-04 13:42:36,快兰斯24小时财经,"300045.SZ,600118.SH,301289.SZ,300964.SZ,001270.SZ,300679.SZ,601698.SH"
倍杰特：已打通针对西藏盐湖的综合利用开发全套膜法加吸附法工艺流程,2023-07-04 17:13:36,快兰斯24小时财经,300773.SZ
南向资金今日净买入4.55亿元,2023-07-04 17:35:21,快兰斯24小时财经,"00700.HK,00941.HK,601939.SH,03690.HK,00939.HK,600941.SH"
天岳先进：已与英飞凌、博世集团等加强合作,2023-07-04 18:25:29,快兰斯24小时财经,600848.SH
晶科能源N型Tiger Neo中标华电集采,2023-07-04 19:58:27,快兰斯24小时财经,"00370.HK,JKS.US"
昊志机电收关注函：要求补充说明公司在与客户共同开发按摩机器人中承担的主要工作及具体贡献,2023-07-04 20:24:20,快兰斯24小时财经,HLIT.US
皓宸医疗：公司控制权可能发生变更,2023-07-04 20:30:44,快兰斯24小时财经,002622.SZ
润建股份与科士达达成战略合作,2023-07-04 20:32:48,快兰斯24小时财经,"002518.SZ,DADA.US"
斯莱克：与乐惠国际于近日签订了战略合作协议,2023-07-04 21:06:59,快兰斯24小时财经,300382.SZ
华阳集团：公司为小鹏汽车配套量产精密运动机构产品，另有尚未量产定点项目,2023-07-04 21:23:19,快兰斯24小时财经,"XPEV.US,09868.HK"
冯柳、朱少醒、刘格菘出手，加仓多只医药股,2023-07-04 22:08:36,快兰斯24小时财经,"300450.SZ,688658.SH,688599.SH,002390.SZ"
华阳集团：高性能行泊一体域控产品可实现L2 级别智能驾驶功能,2023-07-04 22:50:36,快兰斯24小时财经,QCOM.US
金华市政府与浙江联通签署浙中人工智能产业园项目框架合作协议,2023-07-04 23:24:32,快兰斯24小时财经,HUBG.US
南方精工：应用于RV减速机的滚针轴承产品销售金额较小，并非直接供应特斯拉,2023-07-04 23:24:36,快兰斯24小时财经,TSLA.US
年内券商债券承销金额超6万亿元，中信证券等五家券商几乎占据“半壁江山”,2023-07-05 00:54:36,快兰斯24小时财经,"601066.SH,601211.SH,03908.HK,06066.HK,02611.HK,06030.HK,601995.SH,600030.SH"
多家百亿私募“擒牛”收获颇丰,2023-07-05 05:53:37,快兰斯24小时财经,603662.SH
29家公司发布股票回购相关公告，联创电子回购预案金额最高,2023-07-05 07:35:21,快兰斯24小时财经,002036.SZ
上周211家公司获机构投资者调研 超百家机构调研弘信电子,2023-07-05 09:17:18,快兰斯24小时财经,"300657.SZ,000928.SZ"
减速器概念股多数大幅低开,2023-07-05 09:27:35,快兰斯24小时财经,"002553.SZ,300503.SZ,000678.SZ,300549.SZ"
智能驾驶板块开盘大涨 浙江世宝4连板,2023-07-05 09:27:54,快兰斯24小时财经,"300473.SZ,002703.SZ,300552.SZ,TSLA.US,VVX.US,002355.SZ,01057.HK,301221.SZ"
游戏板块延续回调,2023-07-05 09:35:43,快兰斯24小时财经,"002174.SZ,300467.SZ,300002.SZ,300148.SZ,300315.SZ"
电力板块持续上行 深南电A涨超6%,2023-07-05 09:42:18,快兰斯24小时财经,"000037.SZ,002256.SZ,000155.SZ,000899.SZ"
PET铜箔板块冲高,2023-07-05 09:43:01,快兰斯24小时财经,"300057.SZ,301217.SZ,688700.SH,002846.SZ,002585.SZ"
食品饮料板块快速跳水 绝味食品逼近跌停,2023-07-05 09:46:48,快兰斯24小时财经,"600186.SH,000716.SZ,002991.SZ,603517.SH"
猪肉概念股震荡下挫,2023-07-05 09:48:43,快兰斯24小时财经,"600975.SH,000860.SZ,300498.SZ,002714.SZ"
晶科能源1亿元于山西新设子公司,2023-07-05 09:50:49,快兰斯24小时财经,JKS.US
创新药板块震荡走低,2023-07-05 09:53:18,快兰斯24小时财经,"002653.SZ,300558.SZ,CSCO.US,600572.SH"
CPO概念股探底后冲高回升,2023-07-05 09:55:55,快兰斯24小时财经,"688418.SH,300913.SZ,301205.SZ,300548.SZ"
信创板块震荡走高,2023-07-05 10:01:45,快兰斯24小时财经,"688316.SH,603189.SH,002401.SZ,300366.SZ,000851.SZ"
数据要素概念股震荡走高 深桑达A涨超5%,2023-07-05 10:06:02,快兰斯24小时财经,"002368.SZ,002777.SZ,002401.SZ,000032.SZ"
存储芯片概念股震荡拉升 德明利涨停,2023-07-05 10:07:30,快兰斯24小时财经,"688525.SH,688385.SH,002049.SZ,001309.SZ,NVDA.US,688416.SH,300302.SZ"
明阳电路：公司与明阳智能均为独立的法人主体 不存在任何关系,2023-07-05 10:11:45,快兰斯24小时财经,300739.SZ
香港航天科技涨超14% ASPACE香港卫星制造中心即将于7月25日正式开幕,2023-07-05 10:53:54,快兰斯24小时财经,01725.HK
港股创新药板块回调,2023-07-05 10:58:01,快兰斯24小时财经,"02005.HK,02196.HK,601607.SH,01801.HK,02607.HK,02269.HK,600196.SH,01177.HK"
供应商透露小米汽车最新进展：首款车型报价完毕,2023-07-05 11:22:43,快兰斯24小时财经,01810.HK
白酒板块午后持续下挫,2023-07-05 13:18:01,快兰斯24小时财经,"600779.SH,600702.SH,000568.SZ,600809.SH"
CPO概念回暖 华工科技涨超9%,2023-07-05 13:21:55,快兰斯24小时财经,"000988.SZ,600183.SH,301205.SZ"
一体化压铸概念股震荡走弱 博俊科技跌超5%,2023-07-05 13:26:30,快兰斯24小时财经,"600933.SH,605133.SH,300926.SZ,603305.SH,300415.SZ,301268.SZ"
香山股份：特斯拉、比亚迪等主机厂均是公司的重要客户,2023-07-05 13:33:45,快兰斯24小时财经,"01211.HK,002594.SZ,TSLA.US"
算力租赁板块震荡下行,2023-07-05 13:46:45,快兰斯24小时财经,"002229.SZ,603019.SH,600839.SH,601138.SH"
CPO板块震荡回落 新易盛跌超6%,2023-07-05 14:27:55,快兰斯24小时财经,"300394.SZ,300502.SZ,300308.SZ,603083.SH,002902.SZ,300570.SZ"
亚马逊云科技在中国首次推出创业加速器,2023-07-05 15:10:43,快兰斯24小时财经,AMZN.US
安德利：关于与温宿县人民政府签订投资1.5亿元浓缩果汁生产线建设项目,2023-07-05 15:46:55,快兰斯24小时财经,605198.SH
金诚信：签署7106万美元日常经营合同,2023-07-05 15:48:54,快兰斯24小时财经,600988.SH
浙江建投：中国信达拟减持不超1%股份,2023-07-05 18:07:57,快兰斯24小时财经,01359.HK
精工钢构：下属子公司承接9692万元钢结构及BIPV一体化工程,2023-07-05 18:43:07,快兰斯24小时财经,600496.SH
世界银行1000强榜单发布，10家中国银行进入20强,2023-07-05 20:16:08,快兰斯24小时财经,"601939.SH,601398.SH,01398.HK,01288.HK,00939.HK,601288.SH"
星源卓镁：将加大显示器背板支架类等大中型产品的开拓力度,2023-07-05 20:34:30,快兰斯24小时财经,"TSLA.US,NIO.US,09866.HK"
恒帅股份：谐波磁场电机相关研发项目预计今年进行产业化落地,2023-07-05 21:40:12,快兰斯24小时财经,HLIT.US
国中水务：拟参与认购数字文化产业基金份额,2023-07-05 22:06:00,快兰斯24小时财经,600187.SH
圣龙股份：公司和小鹏汽车有油泵项目的交流,2023-07-05 22:28:29,快兰斯24小时财经,"XPEV.US,09868.HK"
商汤科技：香港财政司司长陈茂波到访上海商汤AIDC,2023-07-05 23:01:11,快兰斯24小时财经,"NVMI.US,00020.HK"
国泰君安：建议关注国内厂商光纤光缆盈利能力改善情况,2023-07-06 08:26:32,快兰斯24小时财经,"601211.SH,00941.HK,600050.SH,00762.HK,600941.SH,02611.HK,OCC.US"
减速器概念股延续回调,2023-07-06 09:28:19,快兰斯24小时财经,"002553.SZ,300503.SZ,300549.SZ,000678.SZ"
减速器概念股继续调整 南方精工再度跌停,2023-07-06 09:31:31,快兰斯24小时财经,"000678.SZ,300549.SZ,300503.SZ,002553.SZ,301255.SZ"
无人驾驶板块盘初下挫,2023-07-06 09:32:01,快兰斯24小时财经,"301221.SZ,301183.SZ,002920.SZ,301099.SZ"
电力板块盘初冲高 大连热电2连板,2023-07-06 09:33:55,快兰斯24小时财经,"605162.SH,600509.SH,002893.SZ,600505.SH"
算力租赁板块盘初拉升,2023-07-06 09:35:30,快兰斯24小时财经,"002261.SZ,300895.SZ,000977.SZ,600797.SH"
芯原股份：目前已有多个5nm设计项目流片完成 多个设计项目待流片,2023-07-06 09:36:00,快兰斯24小时财经,03355.HK
航空运输板块盘初走高,2023-07-06 09:38:44,快兰斯24小时财经,"00753.HK,601021.SH,600029.SH,ZNH.US,601111.SH"
PCB概念股快速拉升 金安国际涨停,2023-07-06 09:39:55,快兰斯24小时财经,"300476.SZ,301041.SZ,300283.SZ,300657.SZ,002463.SZ"
汽车整车板块再度活跃 众泰汽车涨超8%,2023-07-06 09:40:18,快兰斯24小时财经,"002594.SZ,01211.HK,601127.SH,000980.SZ,000800.SZ"
PET铜箔板块回调,2023-07-06 09:42:19,快兰斯24小时财经,"301217.SZ,688700.SH,002846.SZ,688659.SH,002585.SZ"
游戏板块向上反弹,2023-07-06 09:43:30,快兰斯24小时财经,"300148.SZ,300533.SZ,002517.SZ,002602.SZ,002555.SZ"
面板股异动拉升 彩虹股份冲击涨停,2023-07-06 09:46:31,快兰斯24小时财经,"000100.SZ,000725.SZ,000050.SZ,002876.SZ"
粤万年青：藿香正气类产品销售额占公司主营药品业务比例较小,2023-07-06 09:47:18,快兰斯24小时财经,000789.SZ
储存芯片概念直线拉升 香农芯创拉涨超10%,2023-07-06 09:53:44,快兰斯24小时财经,"002654.SZ,300475.SZ,300302.SZ"
算力板块持续拉升 拓维信息涨停,2023-07-06 09:54:55,快兰斯24小时财经,"300657.SZ,300520.SZ,002261.SZ,300042.SZ"
数据安全板块持续上扬 国华网安2连板,2023-07-06 09:58:44,快兰斯24小时财经,"300369.SZ,000004.SZ,00370.HK,000158.SZ,300302.SZ"
稀土永磁板块震荡走弱 多股跌超5%,2023-07-06 10:04:19,快兰斯24小时财经,"600366.SH,600111.SH,002056.SZ,300340.SZ,600259.SH,000795.SZ,300835.SZ"
面板概念股走高 深华发A、彩虹股份涨停,2023-07-06 10:07:22,快兰斯24小时财经,"300128.SZ,000020.SZ,600707.SH,603228.SH,002217.SZ"
电气风电与酒泉市举行座谈会并签约,2023-07-06 10:07:29,快兰斯24小时财经,"02727.HK,601727.SH"
港股医药股震荡走低,2023-07-06 10:08:44,快兰斯24小时财经,"02005.HK,02186.HK,03933.HK,02269.HK,01666.HK"
存储芯片板块持续上扬 香农芯创20CM涨停,2023-07-06 10:10:18,快兰斯24小时财经,"001309.SZ,688123.SH,300475.SZ,300223.SZ"
智能驾驶概念股震荡走高 瑞玛精密直线拉升涨停,2023-07-06 10:21:19,快兰斯24小时财经,"603197.SH,002976.SZ,002355.SZ,002284.SZ,002036.SZ,TSLA.US"
机器人概念反复活跃 步科股份大涨15%,2023-07-06 10:59:43,快兰斯24小时财经,"301255.SZ,603662.SH,002527.SZ,002031.SZ"
《汽车行业维护公平市场秩序承诺书》正式签署,2023-07-06 11:12:21,快兰斯24小时财经,"XPEV.US,TSLA.US,000951.SZ,01211.HK,NIO.US,03808.HK,09866.HK,002594.SZ"
昌红科技投资新设模塑科技公司 含集成电路芯片及产品制造业务,2023-07-06 12:09:25,快兰斯24小时财经,000700.SZ
猪肉股午后异动 唐人神涨超5%,2023-07-06 13:08:42,快兰斯24小时财经,"603363.SH,002100.SZ,002567.SZ,600975.SH,000702.SZ"
创新药板块持续走低 恩华药业逼近跌停,2023-07-06 13:10:44,快兰斯24小时财经,"002653.SZ,688202.SH,CSCO.US,688062.SH,688266.SH,300026.SZ,002262.SZ"
长安汽车王俊：中国新能源汽车出口均价大幅提升,2023-07-06 13:28:04,快兰斯24小时财经,000625.SZ
生物制品板块午后持续震荡下挫,2023-07-06 13:33:29,快兰斯24小时财经,"300841.SZ,000534.SZ"
远洋集团回应传闻：两大股东针对公司成立联合工作组，相关工作仍在进行中,2023-07-06 13:54:42,快兰斯24小时财经,03377.HK
中国稀土：中稀湖南矿山项目已进入生产经营阶段,2023-07-06 14:08:01,快兰斯24小时财经,00769.HK
英派斯：目前未与小米公司开展合作,2023-07-06 14:24:02,快兰斯24小时财经,01810.HK
明阳智能、双良节能等于内蒙古共设绿色能源公司 注册资本240亿,2023-07-06 14:29:04,快兰斯24小时财经,600481.SH
汽车零部件、智能驾驶概念股尾盘拉升 浙江世宝涨停,2023-07-06 14:36:01,快兰斯24小时财经,"603197.SH,002536.SZ,002355.SZ,01057.HK,603048.SH,301007.SZ,002906.SZ,002703.SZ"
AI概念表现活跃 能否再次成为阶段主线？,2023-07-06 15:14:18,快兰斯24小时财经,600109.SH
亿纬锂能：上半年公司在小鹏汽车的供应占比最大,2023-07-06 15:27:18,快兰斯24小时财经,"XPEV.US,09868.HK"
泰永长征：目前与比亚迪有充电桩及配套低压电器产品的合作,2023-07-06 15:33:18,快兰斯24小时财经,"01211.HK,002594.SZ"
机器人RV/谐波减速器轴承等产品已逐步进入批量配套阶段,2023-07-06 15:50:43,快兰斯24小时财经,HLIT.US
华润微：2023年公司IGBT产品营收的目标是10亿元,2023-07-06 16:22:25,快兰斯24小时财经,00597.HK
华润微：2023年碳化硅和氮化镓产品营收力争规模上亿元平台,2023-07-06 17:28:17,快兰斯24小时财经,00597.HK
中国船舶上船院研发17.5万立方米A-BOX大型LNG船获美国船级社AIP证书,2023-07-06 17:46:51,快兰斯24小时财经,LOW.US
鸿博股份回复关注函：无法说明英伟达与公司合作与其他客户的差异化程度,2023-07-06 17:51:37,快兰斯24小时财经,NVDA.US
颀中科技：尚未向英伟达、AMD等公司提供AI芯片封测服务,2023-07-06 18:02:25,快兰斯24小时财经,"AMD.US,NVDA.US"
中国信通院、工信部电子第五研究所与华为等成立“大模型产业工作组”,2023-07-06 19:27:58,快兰斯24小时财经,"301236.SZ,03968.HK,600050.SH,00762.HK,00728.HK,601728.SH,09999.HK,NTES.US,600036.SH,002230.SZ"
创业慧康与飞利浦高层就未来合作展开深入交流,2023-07-06 19:48:56,快兰斯24小时财经,PHG.US
弘信电子：拟与中国移动通信集团甘肃有限公司签订战略合作协议,2023-07-06 20:05:42,快兰斯24小时财经,300657.SZ
四川路桥：全资子公司清洁能源集拟2.64亿元团投资毛尔盖水电有限公司,2023-07-06 20:30:01,快兰斯24小时财经,CLNE.US
万兴科技：已与微软签署云服务框架协议,2023-07-06 20:33:00,快兰斯24小时财经,MSFT.US
国华网安：上半年预亏2000万元-3000万元,2023-07-06 20:53:49,快兰斯24小时财经,00370.HK
又一批银行下调存款利率 美元存款、大额存单也在降,2023-07-06 21:06:00,快兰斯24小时财经,IBOC.US
禾信仪器：撤回申请文件，上交所决定终止审核公司发行可转债不超2.3亿元事项,2023-07-06 23:02:29,快兰斯24小时财经,"01776.HK,000776.SZ"
“AI 汽车”站上风口 多家上市公司深度布局智能驾驶,2023-07-07 06:44:01,快兰斯24小时财经,"002405.SZ,300496.SZ,002036.SZ,002456.SZ,002920.SZ"
内地券商：城投风险对银行影响可控,2023-07-07 06:53:45,快兰斯24小时财经,GS.US
稀土永磁板块再度回调,2023-07-07 09:32:33,快兰斯24小时财经,"300127.SZ,301141.SZ,300835.SZ"
电力板块异动拉升 晋控电力涨停,2023-07-07 09:36:19,快兰斯24小时财经,"000767.SZ,600509.SH,002893.SZ,000037.SZ,000040.SZ"
CPO概念股盘初回调,2023-07-07 09:37:18,快兰斯24小时财经,"002281.SZ,300620.SZ,600105.SH,688048.SH,300913.SZ"
酒店及餐饮板块盘初走高,2023-07-07 09:43:01,快兰斯24小时财经,"000428.SZ,600258.SH,002186.SZ,301073.SZ"
AIGC概念股持续下挫,2023-07-07 09:58:18,快兰斯24小时财经,"002373.SZ,300846.SZ,300170.SZ"
零售股异动拉升 三江购物涨停,2023-07-07 09:58:31,快兰斯24小时财经,"002336.SZ,600859.SH,000759.SZ,600729.SH,605188.SH,002561.SZ"
网络安全概念股震荡下挫 吉大正元逼近跌停,2023-07-07 10:00:44,快兰斯24小时财经,"003029.SZ,300895.SZ,300369.SZ,688152.SH"
种业板块异动拉升,2023-07-07 10:01:55,快兰斯24小时财经,"300087.SZ,600313.SH,300189.SZ,600354.SH"
游戏、传媒股持续震荡下跌,2023-07-07 10:15:18,快兰斯24小时财经,"002605.SZ,300148.SZ,002995.SZ,002555.SZ"
化学制药板块异动拉升,2023-07-07 10:19:19,快兰斯24小时财经,"000963.SZ,002294.SZ,002262.SZ"
养殖、水产股异动拉升 粤海饲料涨停,2023-07-07 10:22:31,快兰斯24小时财经,"001313.SZ,300094.SZ,002069.SZ,000798.SZ"
汽车零部件板块探底回升 凯众股份涨停,2023-07-07 11:07:55,快兰斯24小时财经,"301192.SZ,603006.SH,603037.SH,002976.SZ,002708.SZ,300100.SZ,301298.SZ,000570.SZ,301229.SZ"
银龙股份与中国同辐签署战略合作框架协议,2023-07-07 11:08:06,快兰斯24小时财经,01763.HK
复合集流体概念股快速反弹 宝明科技涨超6%再创历史新高,2023-07-07 11:17:44,快兰斯24小时财经,"002992.SZ,300057.SZ,603800.SH,002846.SZ,688659.SH"
陕西绿发新能源建设有限公司正式成立,2023-07-07 11:56:45,快兰斯24小时财经,600248.SH
风电设备午后下挫,2023-07-07 13:07:45,快兰斯24小时财经,"300129.SZ,301155.SZ,002531.SZ,002487.SZ"
有色金属板块持续走高 中国铝业涨停,2023-07-07 13:08:06,快兰斯24小时财经,"301092.SZ,002532.SZ,000807.SZ,600961.SH,002428.SZ"
证券板块午后拉升,2023-07-07 13:11:54,快兰斯24小时财经,"601377.SH,03958.HK,600837.SH,06837.HK,600958.SH,000712.SZ"
供销社概念股异动拉升 天鹅股份涨停,2023-07-07 13:22:12,快兰斯24小时财经,"603029.SH,002999.SZ,000722.SZ,003042.SZ,002758.SZ"
华润微：已形成系列化碳化硅二极管和SiC MOSFET产品,2023-07-07 15:27:43,快兰斯24小时财经,00597.HK
"惠而浦：预计2023年上半年实现归属于母公司所有者的净利润3,000万元到4,500万元 同比扭亏为盈",2023-07-07 15:33:43,快兰斯24小时财经,WHR.US
美利云：目前公司暂未与AMD公司合作,2023-07-07 15:56:43,快兰斯24小时财经,AMD.US
特斯拉上海1期电池线停产，或调整电池包自制策略,2023-07-07 16:33:20,快兰斯24小时财经,TSLA.US
博彦科技：为客户落地基于Azure OpenAI的chatbot相关项目,2023-07-07 17:03:01,快兰斯24小时财经,MSFT.US
太极集团：上半年净利预增340%,2023-07-07 17:08:29,快兰斯24小时财经,RIO.US
昊志机电：公司生产的谐波减速器等产品目前尚未应用于人型机器人领域 没有签署相关协议,2023-07-07 17:56:28,快兰斯24小时财经,HLIT.US
通力科技：未有相关产品应用于机器人等精密减速器,2023-07-07 19:36:14,快兰斯24小时财经,"300750.SZ,002594.SZ,01211.HK"
深南电路：PCB及封装基板业务的部分项目需求较一季度短期内略有恢复,2023-07-07 19:45:37,快兰斯24小时财经,000037.SZ
弘信电子：国产服务器初期毛利水平相对有限,2023-07-07 19:48:30,快兰斯24小时财经,300657.SZ
博威合金：国内谐波减速器重点企业是公司客户,2023-07-07 20:39:56,快兰斯24小时财经,HLIT.US
中信建投回应拍下华西证券股权：系与客户开展场外衍生品交易,2023-07-07 21:01:43,快兰斯24小时财经,"06066.HK,601066.SH"
商汤科技与永信至诚达成战略合作,2023-07-07 22:57:26,快兰斯24小时财经,00020.HK
三大“绊脚石”挡路，5月以来近20家公司终止收购资产,2023-07-08 06:57:40,快兰斯24小时财经,301068.SZ
下周解禁市值近千亿元，电建龙头解禁压力最大,2023-07-08 08:09:53,快兰斯24小时财经,"CEA.US,600115.SH"
川润股份同金风科技签署风电产业创新研究院联合共建协议,2023-07-08 10:13:21,快兰斯24小时财经,"002202.SZ,02208.HK"
2023世界半导体大会7月19-21日南京举办 高通、台积电高管将出席,2023-07-08 17:38:20,快兰斯24小时财经,"TSM.US,QCOM.US"
阳谷华泰和浦林成山签订战略合作协议,2023-07-08 23:20:52,快兰斯24小时财经,01809.HK
流拍！曾被规划为“中国第一高楼”、“深圳东部新地标”，如今无人问津,2023-07-09 08:51:39,快兰斯24小时财经,"09618.HK,JD.US"
东方电气与中核工程签署金电项目1、2号机组汽轮发电机组设备供货合同,2023-07-09 09:39:20,快兰斯24小时财经,"01072.HK,600875.SH"
联创股份：拟参与新华联控股破产重整投资,2023-07-09 16:39:37,快兰斯24小时财经,"000036.SZ,300343.SZ,01398.HK"
荣耀折叠屏新产品将首次大规模使用钛合金材料 目标销量翻一倍,2023-07-10 09:06:01,快兰斯24小时财经,"300115.SZ,PT.US,300606.SZ"
致远互联签约陕西广电网络 打造一体化协同平台,2023-07-10 09:07:02,快兰斯24小时财经,600831.SH
天风证券：继续看好空调内销景气度及清洁电器中长期布局机会,2023-07-10 09:15:50,快兰斯24小时财经,"601162.SH,002705.SZ,600690.SH,600060.SH,06690.HK,000651.SZ,000921.SZ,603486.SH,000333.SZ,002035.SZ,00921.HK,002508.SZ,002959.SZ"
电力设备开盘走强，三星医疗涨停,2023-07-10 09:29:44,快兰斯24小时财经,"301361.SZ,300407.SZ,301226.SZ"
稀缺资源板块盘初冲高,2023-07-10 09:35:01,快兰斯24小时财经,"600293.SH,002738.SZ,000060.SZ,002428.SZ"
港股银行板块开盘走强,2023-07-10 09:37:44,快兰斯24小时财经,"601939.SH,01288.HK,00939.HK,601288.SH,02388.HK"
电力板块开盘走高 粤电力A、晋控电力直线拉升涨停,2023-07-10 09:39:12,快兰斯24小时财经,"000767.SZ,000539.SZ,000543.SZ,000037.SZ"
锂矿板块早盘大涨 江特电机涨停,2023-07-10 09:41:06,快兰斯24小时财经,"002176.SZ,002192.SZ,09696.HK,000155.SZ,002466.SZ"
卫星导航板块拉升 天迈科技20CM 涨停,2023-07-10 09:43:44,快兰斯24小时财经,"600118.SH,300807.SZ,300342.SZ,300782.SZ"
减速器概念股震荡下挫,2023-07-10 09:52:44,快兰斯24小时财经,"000678.SZ,300549.SZ,002708.SZ,300817.SZ,002553.SZ"
半导体及元件板块冲高,2023-07-10 09:55:19,快兰斯24小时财经,"688209.SH,688256.SH,002484.SZ,300782.SZ,688041.SH"
白酒板块异动拉升 金种子酒逼近涨停,2023-07-10 09:56:25,快兰斯24小时财经,"600199.SH,000568.SZ,600238.SH,600809.SH,600702.SH"
汽车整车板块持续探底,2023-07-10 09:58:44,快兰斯24小时财经,"601127.SH,000980.SZ,600066.SH,000957.SZ"
中望软件联合苏交科等共设交通软件科技公司,2023-07-10 10:28:57,快兰斯24小时财经,300284.SZ
气派科技：跟华为、中兴、比亚迪等不存在直接合作关系，公司客户向他们提供产品,2023-07-10 10:37:55,快兰斯24小时财经,"002594.SZ,01211.HK,688141.SH,688216.SH"
磷化工板块震荡走高,2023-07-10 11:08:30,快兰斯24小时财经,"002895.SZ,600141.SH,300505.SZ,000422.SZ"
华泰股份等106股连续5日以上获融资净买入,2023-07-10 11:14:19,快兰斯24小时财经,"603719.SH,301170.SZ,600081.SH,000795.SZ,002572.SZ,600308.SH,000966.SZ,301255.SZ,688097.SH,688091.SH"
东方日升于宁波参设半导体公司 注册资本3亿元,2023-07-10 11:47:21,快兰斯24小时财经,GPS.US
汽车零部件板块午后震荡拉升,2023-07-10 13:12:18,快兰斯24小时财经,"603006.SH,002703.SZ,01057.HK,603319.SH,301020.SZ,002590.SZ"
燃气板块异动拉升,2023-07-10 13:18:18,快兰斯24小时财经,"600617.SH,000593.SZ,001299.SZ,001331.SZ"
无人驾驶概念午后上扬 万安科技午后涨停,2023-07-10 13:19:57,快兰斯24小时财经,"300928.SZ,002976.SZ,01057.HK,300807.SZ,002703.SZ,002590.SZ"
保险板块震荡下挫,2023-07-10 13:21:18,快兰斯24小时财经,"601601.SH,01336.HK,601319.SH,02601.HK,601336.SH"
山西证券：预计7-8月份煤炭价格具有较强支撑,2023-07-10 13:25:18,快兰斯24小时财经,"601088.SH,600256.SH,01088.HK,601225.SH,600546.SH,600395.SH,002500.SZ,600188.SH,01171.HK,601666.SH"
水利建设板块异动拉升 联合水务午后涨停,2023-07-10 13:27:20,快兰斯24小时财经,"301038.SZ,300262.SZ,600283.SH"
印制电路板概念股午后震荡走低,2023-07-10 13:33:55,快兰斯24小时财经,"603186.SH,002579.SZ,002436.SZ,300964.SZ,002463.SZ,002938.SZ"
高铁概念股异动拉升 晋西车轴午后涨停,2023-07-10 13:45:18,快兰斯24小时财经,"300011.SZ,300407.SZ,301016.SZ,600495.SH,601002.SH"
游戏板块午后持续拉升,2023-07-10 13:46:01,快兰斯24小时财经,"300043.SZ,002624.SZ,002558.SZ,300002.SZ,002605.SZ"
稀土永磁板块午后持续震荡走低,2023-07-10 13:48:54,快兰斯24小时财经,"300127.SZ,300095.SZ,000795.SZ,301141.SZ"
佳创视讯：已获取到visionOS SDK及模拟器 将在Vision Pro开发机开放申请后提交申请,2023-07-10 14:25:43,快兰斯24小时财经,AAPL.US
星云股份：星云智慧与中国民贸签署战略合作协议,2023-07-10 14:25:54,快兰斯24小时财经,HPE.US
大消费携手新能源反弹 谁的确定性更强？,2023-07-10 15:51:30,快兰斯24小时财经,000728.SZ
奥特维：拟设立合资公司,2023-07-10 16:14:27,快兰斯24小时财经,VJET.US
博实股份：获得万华物资4358万元商务合同,2023-07-10 17:11:43,快兰斯24小时财经,002698.SZ
东风集团股份：上半年汽车销量为94.5万辆 同比降23.4%,2023-07-10 18:15:19,快兰斯24小时财经,00489.HK
秦淮数据美股盘前涨超5%，报道称招商银行对其发出收购提议,2023-07-10 18:43:55,快兰斯24小时财经,CD.US
建艺集团：控股子公司中标1.5亿元工程项目,2023-07-10 18:52:30,快兰斯24小时财经,HUBG.US
诚迈科技：成为英伟达生态系统软件合作伙伴，联合成立汽车影像实验室,2023-07-10 19:15:12,快兰斯24小时财经,NVDA.US
中联重科：拟分拆所属子公司重组上市,2023-07-10 21:21:43,快兰斯24小时财经,"01157.HK,000157.SZ"
15家公司发布股票回购相关公告，天奈科技回购预案金额最高,2023-07-11 07:43:01,快兰斯24小时财经,"06690.HK,600690.SH"
地方国资A股并购的“潍坊答卷”,2023-07-11 09:03:56,快兰斯24小时财经,"00568.HK,002490.SZ,002083.SZ,300321.SZ"
光大证券：卤制品预计三季度企业盈利能力将显著改善,2023-07-11 09:04:10,快兰斯24小时财经,"HUBG.US,01458.HK"
房地产开发板块集体上涨，津滨发展涨5%,2023-07-11 09:27:45,快兰斯24小时财经,"000656.SZ,000609.SZ,000897.SZ"
房地产板块开盘拉升 津滨发展涨停,2023-07-11 09:32:25,快兰斯24小时财经,"000656.SZ,000014.SZ,000897.SZ,000961.SZ,000609.SZ"
汽车零部件板块盘初活跃 苏常柴A3连板,2023-07-11 09:33:20,快兰斯24小时财经,"600480.SH,002976.SZ,301186.SZ,000570.SZ"
国防军工板块盘初冲高 天迈科技涨超12%,2023-07-11 09:34:44,快兰斯24小时财经,"300807.SZ,002977.SZ,300342.SZ,300455.SZ"
健适医疗据悉考虑最快明年在香港IPO,2023-07-11 09:36:43,快兰斯24小时财经,GS.US
汽车整车板块盘初活跃,2023-07-11 09:37:33,快兰斯24小时财经,"000980.SZ,000800.SZ,000868.SZ"
存储芯片板块持续拉升,2023-07-11 09:42:19,快兰斯24小时财经,"000670.SZ,688525.SH,301308.SZ,300223.SZ,603986.SH"
养鸡板块拉升，仙坛股份涨超9%,2023-07-11 09:46:19,快兰斯24小时财经,"002299.SZ,002746.SZ,002458.SZ"
稀缺资源板块盘初走低,2023-07-11 09:50:14,快兰斯24小时财经,"600367.SH,000762.SZ,002428.SZ,002738.SZ,600141.SH"
液冷服务器板块震荡走高,2023-07-11 09:54:01,快兰斯24小时财经,"300602.SZ,300322.SZ,603019.SH,002261.SZ,301018.SZ,002475.SZ"
芯片半导体板块持续走高 华海诚科20CM涨停,2023-07-11 10:01:44,快兰斯24小时财经,"301308.SZ,688535.SH,688256.SH,688099.SH,688041.SH"
高盛“唱空”天赐材料：目前订单正常 Q2比Q1订单环比上升,2023-07-11 10:21:44,快兰斯24小时财经,GS.US
天原股份、德美化工等2亿元于佛山共设私募公司,2023-07-11 10:25:07,快兰斯24小时财经,002054.SZ
机器人板块异动拉升 科力尔6天3板,2023-07-11 10:28:12,快兰斯24小时财经,"002535.SZ,002527.SZ,002337.SZ,002553.SZ,002892.SZ"
天能股份于北京投资设立新能源科技公司,2023-07-11 10:42:00,快兰斯24小时财经,"001258.SZ,HURC.US"
九洲集团：共享储能项目分两期建设 预计一期项目在年内实现并网,2023-07-11 10:58:42,快兰斯24小时财经,CLNE.US
智能驾驶概念股持续活跃 浙江世宝午后涨停,2023-07-11 13:03:44,快兰斯24小时财经,"002703.SZ,01057.HK,000957.SZ,002446.SZ,601127.SH,002920.SZ,002590.SZ"
汽车零部件板块震荡走高 超达装备20CM 涨停,2023-07-11 13:05:03,快兰斯24小时财经,"600933.SH,301186.SZ,603037.SH,603348.SH,603596.SH,300580.SZ"
减速器概念股午后冲高,2023-07-11 13:06:54,快兰斯24小时财经,"002553.SZ,002472.SZ,603305.SH,301007.SZ"
水利建设板块震荡拉升 纳川股份大涨15%,2023-07-11 13:11:43,快兰斯24小时财经,"300737.SZ,300198.SZ,300177.SZ,000791.SZ,002884.SZ"
CPO概念股快速拉升，华工科技涨超5%,2023-07-11 13:38:56,快兰斯24小时财经,"000988.SZ,300308.SZ,300394.SZ"
贵金属板块震荡走高,2023-07-11 13:41:01,快兰斯24小时财经,"001337.SZ,600489.SH,000975.SZ,01787.HK,600547.SH"
汽车整车板块持续上涨 赛力斯触及涨停,2023-07-11 13:42:02,快兰斯24小时财经,"600418.SH,000957.SZ,01839.HK,301039.SZ,601127.SH,000625.SZ,000800.SZ,000980.SZ"
猪肉股午后持续震荡走弱,2023-07-11 13:53:18,快兰斯24小时财经,"002567.SZ,002124.SZ,600975.SH,000860.SZ"
机器人板块午后回温，山东威达涨停,2023-07-11 13:53:43,快兰斯24小时财经,"300503.SZ,002026.SZ,300780.SZ"
新疆本地股异动 友好集团午后涨停,2023-07-11 13:56:06,快兰斯24小时财经,"002302.SZ,002307.SZ,002941.SZ,600425.SH,600778.SH"
稀土永磁板块震荡回暖,2023-07-11 14:06:29,快兰斯24小时财经,"300127.SZ,000795.SZ,000970.SZ,06680.HK,300748.SZ"
电子商务板块震荡走高,2023-07-11 14:09:01,快兰斯24小时财经,"300591.SZ,605300.SH,002496.SZ,300975.SZ"
森特股份联合陕建股份等5亿元共设新能源建设公司,2023-07-11 14:17:11,快兰斯24小时财经,600248.SH
福斯特：公司铝塑复合膜产品在固态电池领域有应用的可能,2023-07-11 14:23:48,快兰斯24小时财经,FLS.US
强瑞技术：目前液冷测试设备主要应用于服务器领域 客户有华为和中兴通讯,2023-07-11 15:33:19,快兰斯24小时财经,"00763.HK,000063.SZ"
东鹏控股：上半年净利润预增202.65%–248.30%,2023-07-11 15:41:29,快兰斯24小时财经,03386.HK
东鹏控股：上半年净利润同比预增202.65%-248.3%,2023-07-11 16:08:59,快兰斯24小时财经,03386.HK
富春染织：向新野纺织预付货款2786万元 或面临无法收回风险,2023-07-11 16:13:57,快兰斯24小时财经,605189.SH
德赛西威现3.53亿元折价大宗交易,2023-07-11 16:31:02,快兰斯24小时财经,"600030.SH,06030.HK,002920.SZ"
华峰化学：上半年净利预降42.37%-47.80%,2023-07-11 18:08:44,快兰斯24小时财经,01398.HK
立霸股份：上半年净利润同比预增110.68%,2023-07-11 18:13:12,快兰斯24小时财经,603519.SH
国华网安：公司具备对移动应用进行安全加固的能力,2023-07-11 18:51:29,快兰斯24小时财经,00370.HK
华光环能：签订约2.69亿元设备销售合同,2023-07-11 18:51:54,快兰斯24小时财经,01133.HK
辉丰股份：子公司与宝武清能签氨氢能源领域合作框架协议,2023-07-11 18:52:20,快兰斯24小时财经,CLNE.US
百济神州：就欧司珀利单抗业务与诺华签署终止协议,2023-07-11 18:53:18,快兰斯24小时财经,NVS.US
德尔玛：子公司签署品类授权许可协议,2023-07-11 19:13:28,快兰斯24小时财经,PHG.US
东方明珠：拟不超5亿元受让老凤祥有限部分股权,2023-07-11 19:22:58,快兰斯24小时财经,"600612.SH,600637.SH"
国华网安：公司目前没有无人驾驶相关产品,2023-07-11 19:57:21,快兰斯24小时财经,00370.HK
东方精工：上半年净利同比预增30%-40%,2023-07-11 20:18:16,快兰斯24小时财经,YUM.US
上海数交所搭台助力全球商业信用风险管理供需对接，赋能企业国际业务,2023-07-11 23:10:12,快兰斯24小时财经,"600016.SH,601939.SH,601398.SH,01398.HK,600000.SH,DNB.US,01288.HK,00939.HK,601009.SH,01988.HK,002142.SZ,601288.SH"
上海二批次土拍首日揽金193.8亿元，招商、华发等摇号拿地,2023-07-12 06:48:06,快兰斯24小时财经,"600048.SH,001979.SZ,600325.SH"
应用场景再“上新”，数字人民币发展有望提速,2023-07-12 07:10:09,快兰斯24小时财经,"00941.HK,601398.SH,01398.HK,600050.SH,00762.HK,00728.HK,601728.SH,600941.SH"
自营业务修复形成支撑 上市券商上半年业绩可期,2023-07-12 08:34:04,快兰斯24小时财经,000728.SZ
豪掷超21亿元，东财老板娘大手笔“接盘”万达电影,2023-07-12 09:05:25,快兰斯24小时财经,"300033.SZ,002739.SZ,300059.SZ"
航空运输板块盘初下挫 中国东航跌超5%,2023-07-12 09:33:54,快兰斯24小时财经,"CEA.US,600115.SH,00753.HK,601111.SH,600029.SH,002928.SZ,ZNH.US"
光伏概念股盘初下跌,2023-07-12 09:35:19,快兰斯24小时财经,"JKS.US,688390.SH,688223.SH,301266.SZ,002459.SZ"
无人驾驶板块延续涨势 万安科技涨停,2023-07-12 09:38:54,快兰斯24小时财经,"002703.SZ,01057.HK,002448.SZ,300807.SZ,001266.SZ,002590.SZ"
智能电网板块大幅走高 虚拟电厂方向领涨,2023-07-12 09:55:31,快兰斯24小时财经,"300882.SZ,300713.SZ,300880.SZ,300360.SZ,002063.SZ,002112.SZ"
半导体设备板块震荡走低,2023-07-12 10:02:43,快兰斯24小时财经,"002371.SZ,688072.SH,688012.SH"
氟化工板块震荡走高 联创股份涨超10%,2023-07-12 10:20:01,快兰斯24小时财经,"300037.SZ,300343.SZ,600160.SH,605020.SH"
山东威达：全资子公司提供的电池包、控制器产品装配于特斯拉的儿童车上,2023-07-12 10:53:54,快兰斯24小时财经,TSLA.US
智能电网板块持续震荡走高 未来电器20CM涨停,2023-07-12 10:58:01,快兰斯24小时财经,"300713.SZ,300880.SZ,000682.SZ,603070.SH,301386.SZ"
种业概念异动拉升 神农科技拉涨超6%,2023-07-12 11:05:07,快兰斯24小时财经,"600313.SH,000998.SZ,300189.SZ"
机器人概念股午后震荡走低,2023-07-12 13:15:43,快兰斯24小时财经,"002553.SZ,300503.SZ,002472.SZ,002527.SZ"
稀土永磁概念回暖 中科磁业涨超11%,2023-07-12 13:20:18,快兰斯24小时财经,"603505.SH,002334.SZ,301141.SZ,300779.SZ"
中船系板块午后跳水,2023-07-12 13:28:29,快兰斯24小时财经,"301311.SZ,600072.SH,300847.SZ"
上周189家公司获机构投资者调研 超百家机构调研卫宁健康,2023-07-12 13:45:54,快兰斯24小时财经,"300253.SZ,300445.SZ"
AI概念持续下挫 浪潮信息触及跌停,2023-07-12 13:50:48,快兰斯24小时财经,"300620.SZ,300394.SZ,000936.SZ,000977.SZ,002229.SZ"
智能电网板块持续走高,2023-07-12 14:47:20,快兰斯24小时财经,"300713.SZ,300880.SZ,000682.SZ,002112.SZ,603070.SH,301386.SZ,002028.SZ"
陕西煤业：上半年净利同比预降53%-56%,2023-07-12 16:15:46,快兰斯24小时财经,601012.SH
华谊集团：上半年净利同比预降88.35%-91.26%,2023-07-12 17:56:29,快兰斯24小时财经,01398.HK
思瑞浦：公司与英伟达、AMD等企业暂无业务往来,2023-07-12 17:57:24,快兰斯24小时财经,"AMD.US,NVDA.US"
或向中国车企购买纯电平台？奥迪最新回应来了,2023-07-12 20:28:49,快兰斯24小时财经,"01211.HK,002594.SZ,00175.HK"
江苏雷利：预计今年汽车轻量化铝压铸产品收入将维持较高增速,2023-07-12 20:52:19,快兰斯24小时财经,001258.SZ
产业链人士透露：维信诺、京东方供货荣耀Magic V2,2023-07-12 21:42:19,快兰斯24小时财经,000725.SZ
恒为科技与中贝通信携手合作面向智算领域的高速网络解决方案,2023-07-12 22:47:45,快兰斯24小时财经,603220.SH
6家厦企上榜中国上市公司500强,2023-07-13 07:34:30,快兰斯24小时财经,"300750.SZ,600057.SH,600755.SH,600549.SH,600711.SH,000701.SZ,600153.SH"
福石控股旗下迪思传媒与科大讯飞签署合作备忘录,2023-07-13 08:26:22,快兰斯24小时财经,002230.SZ
贵金属板块高开,2023-07-13 09:28:19,快兰斯24小时财经,"001337.SZ,002155.SZ,600489.SH,01787.HK,600547.SH"
光伏概念股盘初活跃 HJT电池方向领涨,2023-07-13 09:33:01,快兰斯24小时财经,"300093.SZ,002529.SZ,300118.SZ,300751.SZ"
减速器板块快速下挫 中马传动触及跌停,2023-07-13 09:37:43,快兰斯24小时财经,"300780.SZ,002527.SZ,300817.SZ"
电力股开盘继续活跃 京能热力5连板,2023-07-13 09:38:25,快兰斯24小时财经,"300335.SZ,002893.SZ,600644.SH,001210.SZ,000862.SZ,002616.SZ,000027.SZ"
汽车零部件板块盘初下挫,2023-07-13 09:38:57,快兰斯24小时财经,"002703.SZ,002976.SZ,01057.HK,603048.SH,301488.SZ"
景点及旅游板块盘初走低,2023-07-13 09:41:19,快兰斯24小时财经,"000888.SZ,600706.SH,600593.SH,002033.SZ"
芯片半导体板块震荡走高 商络电子20CM涨停,2023-07-13 09:41:55,快兰斯24小时财经,"688535.SH,300975.SZ,001309.SZ,601133.SH"
白酒板块异动拉升,2023-07-13 09:45:44,快兰斯24小时财经,"600779.SH,600702.SH,000858.SZ,000568.SZ"
汽车板块多只人气股跳水 众泰汽车、浙江世宝触及跌停,2023-07-13 09:47:07,快兰斯24小时财经,"002976.SZ,002703.SZ,300926.SZ,01057.HK,301007.SZ,000980.SZ"
美锦能源等2亿元共设新材料科技公司,2023-07-13 09:51:51,快兰斯24小时财经,000723.SZ
Chiplet概念股震荡拉升 大港股份涨停,2023-07-13 09:54:00,快兰斯24小时财经,"002845.SZ,002156.SZ,002077.SZ,300813.SZ,600520.SH,300814.SZ,002579.SZ"
减速器概念股震荡走弱,2023-07-13 09:54:19,快兰斯24小时财经,"300817.SZ,002527.SZ,300780.SZ,301007.SZ,301398.SZ"
港股CXO板块走高,2023-07-13 09:58:18,快兰斯24小时财经,"01548.HK,03759.HK,02269.HK,300759.SZ"
印制电路板概念股震荡走强 中富电路20CM涨停,2023-07-13 10:06:55,快兰斯24小时财经,"300936.SZ,301041.SZ,600601.SH,300813.SZ,300903.SZ,300814.SZ"
存储芯片板块持续走高 华海诚科3天2板,2023-07-13 10:09:19,快兰斯24小时财经,"300184.SZ,002654.SZ,603933.SH,300475.SZ,001309.SZ,301308.SZ,688110.SH"
电力板块异动拉升 深圳能源涨超6%,2023-07-13 10:12:55,快兰斯24小时财经,"600483.SH,000027.SZ,000862.SZ"
中贝通信与恒为科技就智算领域开展技术交流,2023-07-13 10:14:20,快兰斯24小时财经,603220.SH
荣耀折叠屏V2钛合金轴盖主要供应商为金太阳,2023-07-13 10:16:31,快兰斯24小时财经,300606.SZ
信隆健康：前两年在电动滑板车方面与Radio Flyer有大量合作 为该公司重要供应商,2023-07-13 10:39:06,快兰斯24小时财经,TSLA.US
三联锻造：公司的产品暂未用于特斯拉儿童车,2023-07-13 10:41:01,快兰斯24小时财经,TSLA.US
存储芯片板块持续走强,2023-07-13 11:00:19,快兰斯24小时财经,"300042.SZ,301308.SZ,002654.SZ,300475.SZ,001309.SZ,300975.SZ,300302.SZ"
碳中和概念冲高 CCER方向领涨,2023-07-13 11:00:56,快兰斯24小时财经,"000663.SZ,300614.SZ,002679.SZ,300948.SZ,600963.SH"
数据要素概念继续活跃 人民网2连板,2023-07-13 11:29:05,快兰斯24小时财经,"002235.SZ,301159.SZ"
省广集团午后封死涨停,2023-07-13 13:02:49,快兰斯24小时财经,META.US
消费电子板块午后拉升,2023-07-13 13:05:22,快兰斯24小时财经,"301182.SZ,002655.SZ,300857.SZ,300602.SZ,002475.SZ"
传媒板块持续走高 幸福蓝海涨超15%,2023-07-13 13:05:43,快兰斯24小时财经,"002292.SZ,600088.SH,300528.SZ,002343.SZ,300413.SZ,300027.SZ"
证券板块午后持续走强 国盛金控涨停,2023-07-13 13:09:30,快兰斯24小时财经,"002670.SZ,000686.SZ,601555.SH,601688.SH,06886.HK"
CPO概念股震荡反弹 中际旭创涨超5%,2023-07-13 13:16:58,快兰斯24小时财经,"300394.SZ,300502.SZ,300548.SZ,300308.SZ,002902.SZ"
液冷服务器午后震荡拉升,2023-07-13 13:19:44,快兰斯24小时财经,"300709.SZ,601138.SH,002179.SZ,603881.SH"
安科技：控股股东子公司减持对公司没影响 无人驾驶方面涉及软件开发,2023-07-13 13:22:47,快兰斯24小时财经,002590.SZ
江苏雷利：特斯拉机器人在送样测试阶段,2023-07-13 14:38:55,快兰斯24小时财经,"300660.SZ,TSLA.US"
东华软件：公司是华为的长期战略合作伙伴,2023-07-13 14:51:44,快兰斯24小时财经,CSPI.US
电力板块尾盘小幅跳水,2023-07-13 14:55:20,快兰斯24小时财经,"000767.SZ,605011.SH,000037.SZ"
存储芯片集体飙升 配置窗口开启了吗？,2023-07-13 16:18:44,快兰斯24小时财经,600109.SH
万里马：代理销售与特斯拉合作推出的Model S儿童电动车,2023-07-13 18:20:25,快兰斯24小时财经,"09618.HK,JD.US,TSLA.US"
德赛西威：第四代智能座舱系统已获得新项目定点,2023-07-13 18:48:33,快兰斯24小时财经,"01211.HK,002594.SZ,00175.HK"
银行理财市场积极恢复：7月上旬规模增长超万亿,2023-07-13 20:25:33,快兰斯24小时财经,"000776.SZ,600109.SH,01776.HK"
*ST泛海：承包商要求附属公司及时支付金额2835万美元，否则可提交清盘呈请,2023-07-13 20:26:07,快兰斯24小时财经,00715.HK
8家券商净利飙升 证券业半年考惊喜连连,2023-07-14 05:35:29,快兰斯24小时财经,"002673.SZ,600109.SH,000686.SZ,002939.SZ,000728.SZ,601108.SH"
资本市场法治建设不断深化，“零容忍”步入新阶段,2023-07-14 06:11:18,快兰斯24小时财经,"000976.SZ,002310.SZ"
加码拓展海外市场 自主品牌车企推进全产业链输出,2023-07-14 07:08:43,快兰斯24小时财经,600104.SH
汽车产业链股延续回调,2023-07-14 09:34:44,快兰斯24小时财经,"002590.SZ,002965.SZ,605228.SH,301398.SZ"
电力板块大幅下挫 京能热力一字跌停,2023-07-14 09:34:44,快兰斯24小时财经,"000037.SZ,605011.SH,002893.SZ,600505.SH,600032.SH,600310.SH"
电信运营板块开盘拉升，中国联通涨超4%,2023-07-14 09:35:18,快兰斯24小时财经,"00941.HK,600050.SH,00762.HK,600941.SH"
数据安全概念股开盘拉升 中孚信息涨超10%,2023-07-14 09:39:18,快兰斯24小时财经,"000004.SZ,300188.SZ,00370.HK,300659.SZ,603496.SH,002912.SZ,002439.SZ"
半导体及元件板块震荡走高,2023-07-14 09:41:12,快兰斯24小时财经,"002199.SZ,603061.SH,300813.SZ,301132.SZ,300814.SZ"
机器人概念股盘初冲高,2023-07-14 09:43:01,快兰斯24小时财经,"002527.SZ,688165.SH,HLIT.US,688255.SH,688017.SH"
黄金板块快速走高 盛达资源冲击涨停,2023-07-14 09:44:09,快兰斯24小时财经,"601028.SH,002102.SZ,002731.SZ,000603.SZ"
四川长虹、长虹美菱等共设创投公司 注册资本1.48亿,2023-07-14 09:56:45,快兰斯24小时财经,000521.SZ
CPO板块震荡走高 剑桥科技逼近涨停,2023-07-14 09:59:43,快兰斯24小时财经,"301205.SZ,300394.SZ,301218.SZ,603083.SH,300570.SZ"
汽车零部件板块快速回升,2023-07-14 10:12:19,快兰斯24小时财经,"002553.SZ,430418.BJ,002355.SZ,300928.SZ"
核污染防止概念异动拉升 新莱福涨超10%,2023-07-14 10:18:18,快兰斯24小时财经,"300523.SZ,002474.SZ,300875.SZ,301323.SZ"
中船系板块走高 中国船舶涨超4%,2023-07-14 10:20:30,快兰斯24小时财经,"300600.SZ,600072.SH,600150.SH"
面板股震荡走高 彩虹股份涨停,2023-07-14 10:23:55,快兰斯24小时财经,"JG.US,000100.SZ,300481.SZ,002876.SZ,300940.SZ,002387.SZ,600707.SH"
算力概念持续走高 工业富联等多股涨超5%,2023-07-14 10:38:43,快兰斯24小时财经,"603629.SH,000938.SZ,603019.SH,601138.SH,300597.SZ,000977.SZ"
种业股异动拉升,2023-07-14 10:48:02,快兰斯24小时财经,"000663.SZ,600313.SH,300189.SZ,002679.SZ"
面板股持续走强 天山电子触及20CM涨停,2023-07-14 10:50:54,快兰斯24小时财经,"301379.SZ,000100.SZ,002952.SZ,301106.SZ"
亿联网络：即将携手腾讯会议发布全新“智会”解决方案,2023-07-14 10:54:29,快兰斯24小时财经,INTC.US
健识医疗回应赴港IPO传闻：目前未有任何时间表,2023-07-14 10:57:54,快兰斯24小时财经,"MS.US,GS.US"
AI算力概念股持续走高,2023-07-14 11:18:42,快兰斯24小时财经,"000938.SZ,00763.HK,603019.SH,601138.SH,000063.SZ,000977.SZ"
交易商协会召开民营企业融资座谈会,2023-07-14 12:24:45,快兰斯24小时财经,"000876.SZ,02007.HK,600031.SH"
三大通信运营商持续走强 中国联通午后超20亿封涨停,2023-07-14 13:03:29,快兰斯24小时财经,"00941.HK,600050.SH,00762.HK,600941.SH"
金力永磁：已与中国稀土集团、北方稀土等主要稀土供货商建立合作关系,2023-07-14 13:29:54,快兰斯24小时财经,"00769.HK,300748.SZ,06680.HK,000831.SZ"
众业达：公司部分电气元器件如继电器等可用在锂电池的生产设备上,2023-07-14 13:30:36,快兰斯24小时财经,002441.SZ
光伏概念股震荡下跌,2023-07-14 13:57:54,快兰斯24小时财经,"688472.SH,JKS.US,688223.SH,688348.SH,688408.SH,300274.SZ"
劲旅环境回应“宁德时代收购传闻”：消息不属实,2023-07-14 14:02:54,快兰斯24小时财经,300750.SZ
中信证券斥资3000万自购旗下产品,2023-07-14 14:06:43,快兰斯24小时财经,00170.HK
广宇发展：目前五家子公司已累计获取新能源项目指标1300万千瓦,2023-07-14 14:10:18,快兰斯24小时财经,00904.HK
液冷概念震荡走高 科创新源涨超10%,2023-07-14 14:21:18,快兰斯24小时财经,"002536.SZ,301399.SZ,301128.SZ,300731.SZ"
汉得信息：汉得微扬正联合微软为客户提供基于Dynamics 365 Copilot的产品落地前培训,2023-07-14 14:23:43,快兰斯24小时财经,MSFT.US
联建光电：公司目前暂未与苹果公司在LED产品上有相应的合作,2023-07-14 14:58:43,快兰斯24小时财经,AAPL.US
腾达建设：上半年预盈7500万元左右 同比扭亏,2023-07-14 15:41:42,快兰斯24小时财经,000563.SZ
中国稀土：上半年净利同比预降82.6%-87.85%,2023-07-14 16:06:40,快兰斯24小时财经,00769.HK
士兰微：预计上半年净亏损5037万元左右,2023-07-14 16:15:37,快兰斯24小时财经,"688107.SH,600460.SH"
士兰微：上半年净利预亏5037万元左右,2023-07-14 16:42:58,快兰斯24小时财经,"688107.SH,600460.SH"
广深铁路：上半年预盈6亿元到7.5亿元 同比扭亏,2023-07-14 16:45:10,快兰斯24小时财经,GSH.US
晶科能源：上半年净利同比预增304.38%到348.58%,2023-07-14 17:10:17,快兰斯24小时财经,JKS.US
博彦科技：基于微软Azure OpenAI的商用服务预计年内将产生收入,2023-07-14 17:46:49,快兰斯24小时财经,MSFT.US
中工国际：签署9.45亿元重大合同,2023-07-14 17:47:43,快兰斯24小时财经,HUBG.US
晶科能源：上半年净利同比预增304.38%-348.58%,2023-07-14 17:54:17,快兰斯24小时财经,JKS.US
深高速：拟定增募资不超65亿元 控股股东子公司参与认购,2023-07-14 18:49:49,快兰斯24小时财经,00152.HK
友发集团：上半年净利同比预增74.23%-84.94%,2023-07-14 20:32:58,快兰斯24小时财经,000617.SZ
华东重机：上半年预亏0万元-5000万元,2023-07-14 21:20:55,快兰斯24小时财经,01398.HK
信达证券发布关于“杭州热电”交易风险的提示,2023-07-14 21:36:04,快兰斯24小时财经,605011.SH
理工光科与福建高速技咨签署战略合作协议,2023-07-14 22:24:49,快兰斯24小时财经,300557.SZ
多家旅游上市公司半年报业绩预喜,2023-07-15 07:00:54,快兰斯24小时财经,"002627.SZ,002033.SZ,600054.SH,600258.SH"
上半年7家A股上市航司合计减亏超500亿,2023-07-15 08:01:36,快兰斯24小时财经,"CEA.US,600115.SH,601021.SH,00753.HK,601111.SH,600029.SH,002928.SZ,ZNH.US,600221.SH"
北京市发布首批行业AI大模型应用案例,2023-07-15 14:21:03,快兰斯24小时财经,"09888.HK,BIDU.US"
存量房贷利率会否下调？多家银行称“未接到相关政策”,2023-07-15 20:03:01,快兰斯24小时财经,"03968.HK,601939.SH,600926.SH,00939.HK,002142.SZ,600036.SH"
年内新聘41位基金经理！券商资管加速招兵买马,2023-07-16 07:48:01,快兰斯24小时财经,"601211.SH,02611.HK,01776.HK,000776.SZ,600030.SH,06030.HK"
下周合计解禁市值为920.34亿元，寒武纪-U解禁市值超320亿元,2023-07-16 09:24:40,快兰斯24小时财经,"00753.HK,601111.SH,605108.SH"
本周北向资金累计净流入近200亿，创5个月来新高,2023-07-16 13:22:40,快兰斯24小时财经,600519.SH
下周73只股票限售股解禁，寒武纪-U、中国国航、同庆楼解禁市值居前三位,2023-07-16 15:12:44,快兰斯24小时财经,"00753.HK,601111.SH,605108.SH"
全国首批钠电池测评揭榜，多家上市公司榜上有名,2023-07-17 05:30:31,快兰斯24小时财经,"600348.SH,01211.HK,002594.SZ,300438.SZ"
企业加快布局 钠离子电池产业化提速,2023-07-17 07:15:22,快兰斯24小时财经,000931.SZ
149家公司获机构调研，祥鑫科技最受关注,2023-07-17 08:15:43,快兰斯24小时财经,"300979.SZ,002230.SZ,002965.SZ"
数据安全概念股开盘冲高 国华网安3连板,2023-07-17 09:32:42,快兰斯24小时财经,"300369.SZ,000004.SZ,688225.SH,688023.SH,00370.HK,300659.SZ,002912.SZ"
钛合金3D打印概念持续发酵,2023-07-17 09:32:44,快兰斯24小时财经,"688210.SH,300337.SZ,688333.SH,300606.SZ,AAPL.US,600206.SH,688291.SH"
CRO概念股盘初走低,2023-07-17 09:35:29,快兰斯24小时财经,"06127.HK,03759.HK,300363.SZ,603127.SH,688131.SH,300759.SZ,600721.SH"
埃斯顿：当前重点是跟随国内行业头部客户出海 并加大东南亚市场的布局,2023-07-17 09:37:16,快兰斯24小时财经,"QCOM.US,002263.SZ"
3D打印概念股盘初冲高,2023-07-17 09:38:44,快兰斯24小时财经,"300521.SZ,300337.SZ,300606.SZ,300004.SZ,300227.SZ"
白酒概念股震荡走弱 顺鑫农业触及跌停,2023-07-17 09:42:00,快兰斯24小时财经,"600771.SH,000568.SZ,000860.SZ,600395.SH,600559.SH"
液冷服务器板块下挫 工业富联跌超5%,2023-07-17 09:44:57,快兰斯24小时财经,"601138.SH,002261.SZ,002536.SZ,301252.SZ"
HJT电池板块逆势拉升 迈为股份涨超5%,2023-07-17 09:52:02,快兰斯24小时财经,"000821.SZ,300751.SZ,002129.SZ"
信创板块震荡拉升,2023-07-17 09:58:29,快兰斯24小时财经,"300608.SZ,002474.SZ,300166.SZ,300659.SZ,002368.SZ,300588.SZ,300231.SZ"
半导体设备股震荡下挫,2023-07-17 10:13:29,快兰斯24小时财经,"300604.SZ,002371.SZ,688072.SH,688012.SH"
科大讯飞等102股连续5日以上获融资净买入,2023-07-17 10:31:01,快兰斯24小时财经,"000690.SZ,603636.SH,688232.SH,688166.SH,603833.SH,002115.SZ,002488.SZ,002230.SZ"
煤炭概念股震荡走低,2023-07-17 10:53:43,快兰斯24小时财经,"01088.HK,000723.SZ,01171.HK,601015.SH,601088.SH,600188.SH"
中国稀土：下半年业绩能否扭转要看宏观、行业及下游应用环境,2023-07-17 11:27:48,快兰斯24小时财经,00769.HK
算力板块午后拉升 浪潮信息涨超5%,2023-07-17 13:03:54,快兰斯24小时财经,"603019.SH,600131.SH,000977.SZ"
光刻胶概念午后逆势走高,2023-07-17 13:40:04,快兰斯24小时财经,"600895.SH,300576.SZ,300346.SZ"
汽车整车板块午后回暖 众泰汽车涨超8%,2023-07-17 13:52:43,快兰斯24小时财经,"601127.SH,000980.SZ,000550.SZ"
山东威达：公司控股孙公司为蔚来汽车供货三代换电站设备,2023-07-17 13:56:18,快兰斯24小时财经,"NIO.US,09866.HK"
国泰君安：订单拐点即将来临，纺织制造龙头估值有望逐步修复,2023-07-17 14:22:32,快兰斯24小时财经,"601211.SH,002003.SZ,603055.SH,605080.SH,02611.HK,300979.SZ,605189.SH,300952.SZ"
汽车板块反弹 众泰汽车涨停,2023-07-17 14:31:49,快兰斯24小时财经,"002703.SZ,002284.SZ,01057.HK,600699.SH,000980.SZ"
鼎捷软件：目前工业富联与公司管理层为一致行动人，是公司第一大股东,2023-07-17 14:46:30,快兰斯24小时财经,300378.SZ
省广集团：股价连续涨停是市场正常反应 公司成为Meta代理商负责广告营销业务,2023-07-17 15:19:40,快兰斯24小时财经,META.US
公司技术人员频繁出入特斯拉研发基地？光洋股份回应：网传信息不具可靠性,2023-07-17 15:31:29,快兰斯24小时财经,TSLA.US
安德利：终止购买林海嵎峡10%股权事项,2023-07-17 16:18:18,快兰斯24小时财经,605198.SH
苏常柴Ａ：收到江苏银行1148.24万元现金红利,2023-07-17 16:18:31,快兰斯24小时财经,000570.SZ
海思科：拟在英属维尔京群岛及中国香港分别设立全资子公司,2023-07-17 16:54:36,快兰斯24小时财经,CSCO.US
创元科技：收到江苏银行现金分红款1615.38万元,2023-07-17 17:46:23,快兰斯24小时财经,000551.SZ
联得装备：中标“京东方重庆第6代AMOLED（柔性）生产线项目”,2023-07-17 18:12:19,快兰斯24小时财经,000725.SZ
秦川机床：子公司获得政府补助资金3000万元,2023-07-17 18:39:19,快兰斯24小时财经,01030.HK
中国旅游研究院、峨眉山景区、阿拉丁旅游集团签署战略合作备忘录,2023-07-17 19:03:45,快兰斯24小时财经,000888.SZ
香山股份：股东拟向均胜电子协议转让公司8.03%股份,2023-07-17 19:34:08,快兰斯24小时财经,002870.SZ
中航电子：上半年净利同比预增98.08%,2023-07-17 20:04:30,快兰斯24小时财经,002013.SZ
多家信托公司上半年业绩下滑：五矿信托净利下降超三成，昆仑信托几近“腰斩”,2023-07-18 06:54:38,快兰斯24小时财经,000563.SZ
关于“存量房贷利率”，多家银行回应,2023-07-18 08:20:01,快兰斯24小时财经,"01288.HK,00939.HK"
转基因板块开盘活跃,2023-07-18 09:27:28,快兰斯24小时财经,"000713.SZ,600313.SH,300189.SZ"
先进封装概念股开盘活跃,2023-07-18 09:29:44,快兰斯24小时财经,"002845.SZ,002156.SZ,603005.SH"
数据安全板块盘初下挫,2023-07-18 09:33:19,快兰斯24小时财经,"603496.SH,300588.SZ,300659.SZ,300188.SZ"
虚拟电厂板块盘初走低,2023-07-18 09:34:55,快兰斯24小时财经,"301361.SZ,002380.SZ,300882.SZ,300880.SZ"
存储芯片概念股再度活跃 大为股份快速拉升涨停,2023-07-18 09:39:19,快兰斯24小时财经,"002654.SZ,603933.SH,002559.SZ,000021.SZ,002119.SZ,002213.SZ,300302.SZ"
数据要素概念股开盘走弱 人民网跌超5%,2023-07-18 09:42:35,快兰斯24小时财经,"000032.SZ,000681.SZ,300188.SZ"
MR板块异动拉升，易天股份涨超10%,2023-07-18 09:42:55,快兰斯24小时财经,"688025.SH,003021.SZ,301312.SZ,300812.SZ,002475.SZ"
汽车整车板块再度拉升 亚星客车涨停,2023-07-18 10:13:55,快兰斯24小时财经,"600166.SH,000980.SZ,000550.SZ,000868.SZ"
变压器概念走高 伊戈尔反包涨停,2023-07-18 10:14:07,快兰斯24小时财经,"603191.SH,300932.SZ,06899.HK,002922.SZ,301120.SZ"
汽车零部件板块持续拉升,2023-07-18 10:21:19,快兰斯24小时财经,"601689.SH,601058.SH,601279.SH,603286.SH,600480.SH"
智能驾驶概念股探底回升 西仪股份直线拉升涨停,2023-07-18 10:21:55,快兰斯24小时财经,"002284.SZ,002265.SZ,000550.SZ,002036.SZ,301398.SZ,002920.SZ"
猪肉股持续拉升,2023-07-18 10:45:19,快兰斯24小时财经,"002567.SZ,001201.SZ,002458.SZ,000048.SZ"
氢能源板块震荡拉升,2023-07-18 11:05:01,快兰斯24小时财经,"600860.SH,300471.SZ,002639.SZ,000811.SZ"
车企2023 半年报预告: 比亚迪净利超15家之和 赛力斯众泰依然深陷亏损泥潭,2023-07-18 13:05:29,快兰斯24小时财经,"601127.SH,01211.HK,002594.SZ"
一体化压铸板块午后拉升,2023-07-18 13:05:29,快兰斯24小时财经,"002997.SZ,300415.SZ,002101.SZ,300428.SZ,601689.SH"
HJT电池板块午后回暖 迈为股份涨超5%,2023-07-18 13:11:54,快兰斯24小时财经,"002529.SZ,002218.SZ,002506.SZ,300751.SZ,002860.SZ"
磷化工板块异动拉升 川金诺大涨10%,2023-07-18 13:32:06,快兰斯24小时财经,"000902.SZ,002895.SZ,600096.SH,300505.SZ,600141.SH"
联合光电：公司与BlockCity元宇宙项目暂无接触,2023-07-18 14:37:01,快兰斯24小时财经,SQ.US
东方明珠：参与设立投资基金,2023-07-18 15:39:54,快兰斯24小时财经,600637.SH
金晓龙任蚂蚁消金法定代表人,2023-07-18 15:50:18,快兰斯24小时财经,300750.SZ
初灵信息：全资子公司中标超级网关设备采购项目,2023-07-18 15:55:18,快兰斯24小时财经,300250.SZ
天风证券：半导体行业触底反弹信号释放较为明显，叠加AI催化，全年有望逐季度改善,2023-07-18 16:10:16,快兰斯24小时财经,"601162.SH,002371.SZ"
新疆交建：新疆特变电工集团拟减持不超4%股份,2023-07-18 16:31:48,快兰斯24小时财经,002941.SZ
恒信东方：VR游戏《Drakheir》预计下半年正式发布,2023-07-18 18:15:02,快兰斯24小时财经,AAPL.US
冀东装备：与中关村机器人产业创新发展有限公司签署了合作框架协议,2023-07-18 18:17:06,快兰斯24小时财经,000856.SZ
安信资管公募牌照申请材料获接收 今年第五家券商资管进军公募业务,2023-07-18 18:23:14,快兰斯24小时财经,"002939.SZ,601066.SH,600030.SH,06030.HK"
中富电路：拥有4项自主研发的光模块板核心技术,2023-07-18 18:32:42,快兰斯24小时财经,300813.SZ
雷曼光电：成功入选智慧教育产品和服务供应商名录,2023-07-18 18:58:46,快兰斯24小时财经,002001.SZ
青云科技：提供NVIDIA A100GPU的云服务器的算力租赁业务,2023-07-18 20:02:42,快兰斯24小时财经,CAE.US
昊志机电：公司谐波减速器已经形成完整的产品族谱,2023-07-18 20:53:07,快兰斯24小时财经,HLIT.US
业绩预告密集出炉，半导体行业分化明显,2023-07-19 05:36:35,快兰斯24小时财经,002371.SZ
上市险企保费收入稳健向好，行业复苏受关注,2023-07-19 05:41:08,快兰斯24小时财经,"02318.HK,601601.SH,601318.SH,01336.HK,601319.SH,02601.HK,601336.SH"
商用车氨氢融合零碳燃料技术获突破,2023-07-19 07:50:39,快兰斯24小时财经,FTEK.US
三人行：目前小模型研发工作在推进中,2023-07-19 08:39:54,快兰斯24小时财经,605168.SH
银河证券：关注中报业绩高增长的消费建材龙头公司,2023-07-19 08:57:55,快兰斯24小时财经,"002641.SZ,002271.SZ"
AI应用端开盘大涨 宁夏建材一字涨停,2023-07-19 09:29:07,快兰斯24小时财经,"300378.SZ,300624.SZ,600449.SH,688111.SH,300170.SZ,688095.SH,688118.SH,MSFT.US,688369.SH"
零售板块盘初拉升 中央商场涨停录得4连板,2023-07-19 09:33:43,快兰斯24小时财经,"000679.SZ,600280.SH,002251.SZ,002818.SZ,002336.SZ"
宝馨科技于安徽蚌埠投资设立新能源科技公司,2023-07-19 09:56:45,快兰斯24小时财经,001258.SZ
传媒、游戏股异动拉升 奥飞娱乐涨停,2023-07-19 09:57:47,快兰斯24小时财经,"002292.SZ,300280.SZ,300364.SZ,002517.SZ,002555.SZ"
3D打印概念股继续走弱 金太阳跌近10%,2023-07-19 10:10:01,快兰斯24小时财经,"300521.SZ,002559.SZ,300004.SZ,001296.SZ,002691.SZ"
93只ST股预告上半年业绩，16股净利预盈,2023-07-19 10:14:54,快兰斯24小时财经,"002502.SZ,000839.SZ"
一体化压铸板块震荡走低,2023-07-19 10:15:18,快兰斯24小时财经,"300415.SZ,001311.SZ,605133.SH,002101.SZ"
光伏板块震荡走低 安彩高科跌停,2023-07-19 10:53:03,快兰斯24小时财经,"600207.SH,002514.SZ,300751.SZ,300304.SZ,300307.SZ"
黄金概念继续走高 四川黄金午后封板,2023-07-19 13:24:18,快兰斯24小时财经,"001337.SZ,000506.SZ,000060.SZ,300945.SZ,002716.SZ"
供销社概念股异动 天鹅股份午后直线拉升涨超7%,2023-07-19 13:25:12,快兰斯24小时财经,"000722.SZ,003042.SZ,000893.SZ,002758.SZ"
白酒板块破位在即，五粮液、泸州老窖等纷纷下滑,2023-07-19 13:46:54,快兰斯24小时财经,"600519.SH,002304.SZ,000568.SZ,000596.SZ,000858.SZ,000799.SZ"
芯片半导体板块震荡反弹 华海诚科涨超10%,2023-07-19 14:19:30,快兰斯24小时财经,"TSM.US,300475.SZ,002845.SZ,NVDA.US,CSCO.US,688362.SH,AVGO.US,300231.SZ,301338.SZ"
蓝色光标：蓝标出海团队将在境外业务与微软开展基于OpenAI技术的产品合作,2023-07-19 14:31:27,快兰斯24小时财经,MSFT.US
东华软件：公司生产的鹏霄一体机多款4U机架式均支持英伟达GPU,2023-07-19 14:46:29,快兰斯24小时财经,NVDA.US
广深铁路：没有时速300公里以上的动车组,2023-07-19 15:27:43,快兰斯24小时财经,GSH.US
翔腾新材：与液晶面板制造龙头企业及产业链知名公司建立了良好合作关系,2023-07-19 15:33:45,快兰斯24小时财经,"HPQ.US,MSFT.US"
华特气体：公司没有直接供应产品至英伟达NVDA供应链,2023-07-19 15:34:18,快兰斯24小时财经,NVDA.US
新开源：参股公司收到药物临床试验补充申请批准通知书,2023-07-19 16:29:17,快兰斯24小时财经,300039.SZ
上海辖区券商半年度IPO排名出炉，海通、民生、 申万宏源保荐家数位居前三,2023-07-19 16:40:23,快兰斯24小时财经,"600837.SH,06806.HK,06837.HK,000166.SZ"
信质集团：公司新能源业务发展顺利,2023-07-19 16:57:04,快兰斯24小时财经,"UMC.US,BWA.US"
美的集团与中国联通签订战略合作协议,2023-07-19 18:35:11,快兰斯24小时财经,000333.SZ
同济科技：拟参设同杨孵化基金,2023-07-19 19:09:55,快兰斯24小时财经,600846.SH
中国太保与华西医院达成战略合作,2023-07-19 20:25:09,快兰斯24小时财经,00966.HK
大禹节水：联合中标玉门市疏勒河引水工程特许经营项目社会资本采购,2023-07-19 20:36:44,快兰斯24小时财经,300021.SZ
宝馨科技：公司连云港500MW组件项目已经投产，目前产能和订单状况良好,2023-07-19 20:49:26,快兰斯24小时财经,002514.SZ
*ST泛海：境外附属公司出售民生银行H股股票,2023-07-19 22:05:50,快兰斯24小时财经,000046.SZ
飞荣达：公司是比亚迪合格供应商,2023-07-19 22:12:06,快兰斯24小时财经,"01211.HK,002594.SZ"
晶科能源首台工商业储能一体机SunGiga落地苏州,2023-07-19 22:28:30,快兰斯24小时财经,JKS.US
商业零售板块延续强势 中央商场5连板,2023-07-20 09:30:57,快兰斯24小时财经,"000417.SZ,600778.SH,002336.SZ,600280.SH,002697.SZ"
存储芯片板块快速下挫 佰维存储大跌7%,2023-07-20 09:36:33,快兰斯24小时财经,"688525.SH,002654.SZ,300475.SZ,002559.SZ,000021.SZ"
固态电池异动拉升 金龙羽涨停,2023-07-20 09:43:54,快兰斯24小时财经,"002407.SZ,301121.SZ,300410.SZ,002882.SZ,300568.SZ"
CPO概念股震荡走低 华工科技跌超5%,2023-07-20 09:47:19,快兰斯24小时财经,"002281.SZ,300620.SZ,300394.SZ,300502.SZ,000988.SZ,300308.SZ"
AI应用端大幅走低 福昕软件跌超10%,2023-07-20 09:53:30,快兰斯24小时财经,"300378.SZ,300364.SZ,301270.SZ,688095.SH,300678.SZ"
机器人板块反弹 通力科技领涨,2023-07-20 09:57:55,快兰斯24小时财经,"002553.SZ,300503.SZ,300549.SZ,002031.SZ"
房地产板块异动拉升 荣盛发展冲击涨停,2023-07-20 09:59:42,快兰斯24小时财经,"000656.SZ,000961.SZ,300947.SZ,002146.SZ"
半导体板块震荡下挫,2023-07-20 10:04:54,快兰斯24小时财经,"688498.SH,688525.SH,688535.SH,688589.SH,688259.SH"
185家公司获机构调研，朗新科技最受关注,2023-07-20 10:05:30,快兰斯24小时财经,"300682.SZ,300092.SZ,002965.SZ"
纺织服饰板块走强 美邦服饰涨停,2023-07-20 10:29:44,快兰斯24小时财经,"002269.SZ,301066.SZ,301088.SZ,002634.SZ,002029.SZ"
东方电热投资新设电子科技公司，含汽车零部件及配件制造业务,2023-07-20 10:30:01,快兰斯24小时财经,300217.SZ
算力概念股震荡走弱 工业富联跌超5%,2023-07-20 10:57:03,快兰斯24小时财经,"300249.SZ,000938.SZ,601138.SH,002229.SZ,000977.SZ,301085.SZ"
CPO板块持续走弱 华工科技触及跌停,2023-07-20 11:22:02,快兰斯24小时财经,"002281.SZ,300620.SZ,300394.SZ,300502.SZ,000988.SZ,300308.SZ"
算力、服务器概念股持续下挫,2023-07-20 13:03:44,快兰斯24小时财经,"300499.SZ,601138.SH,002229.SZ,301252.SZ,002837.SZ"
知识产权保护板块异动拉升,2023-07-20 13:08:43,快兰斯24小时财经,"300688.SZ,300133.SZ,300579.SZ"
教育板块异动拉升 学大教育逼近涨停,2023-07-20 13:17:43,快兰斯24小时财经,"300192.SZ,300359.SZ,CECO.US,000526.SZ,002599.SZ"
食品加工制造午后拉升 黑芝麻涨超6%,2023-07-20 13:46:29,快兰斯24小时财经,"002719.SZ,000716.SZ,002820.SZ,300892.SZ"
东方通中标中国移动内蒙古公司2023年不良信息监测系统升级改造项目,2023-07-20 13:49:09,快兰斯24小时财经,300379.SZ
6股公布2023年半年报，上能电气净利润增幅最大,2023-07-20 14:03:29,快兰斯24小时财经,300827.SZ
CPO概念午后持续下跌 中际旭创跌近10%,2023-07-20 14:04:29,快兰斯24小时财经,"300502.SZ,000988.SZ,300308.SZ"
蔚来发布V2G充电桩,2023-07-20 15:38:01,快兰斯24小时财经,"NIO.US,09866.HK"
东方中科：众多汽车产商都是公司的客户,2023-07-20 15:57:18,快兰斯24小时财经,"002594.SZ,01211.HK,NIO.US,XPEV.US,09866.HK,002819.SZ,09868.HK"
影视板块迎业绩拐点，下半年机会突出？,2023-07-20 16:12:42,快兰斯24小时财经,"300528.SZ,002905.SZ"
三一重工投资英威腾电动汽车驱动公司,2023-07-20 16:48:00,快兰斯24小时财经,"002334.SZ,002402.SZ"
中国联通(香港)：6月5G用户累计到达数为2.32亿户,2023-07-20 17:01:12,快兰斯24小时财经,CHU.US
诺泰生物：子公司诺泰诺和GMP产线投产,2023-07-20 17:19:47,快兰斯24小时财经,HUBG.US
山东黄金：完成对银泰黄金控制权的收购,2023-07-20 17:24:01,快兰斯24小时财经,000975.SZ
科新机电：与东华科技签署战略合作协议,2023-07-20 18:37:18,快兰斯24小时财经,002140.SZ
碧桂园：原贷款人同意再融资约35.83亿港元及约3.89亿美元,2023-07-20 19:22:03,快兰斯24小时财经,02007.HK
博实股份：收到5379万元业务外包合同,2023-07-20 19:35:29,快兰斯24小时财经,002698.SZ
宝馨科技：连云港500MW组件项目已经投产 目前产能和订单状况良好,2023-07-20 19:59:06,快兰斯24小时财经,002514.SZ
中国中车与中国华能签订战略合作协议,2023-07-20 20:25:32,快兰斯24小时财经,00370.HK
民营房企融资再开阀，新城拟发行8.5亿中票,2023-07-20 21:37:19,快兰斯24小时财经,"02007.HK,600208.SH"
13家公司发布股票回购相关公告，厦门信达回购预案金额最高,2023-07-21 07:47:55,快兰斯24小时财经,000701.SZ
174家公司获机构调研,2023-07-21 09:25:19,快兰斯24小时财经,"300682.SZ,000725.SZ,002965.SZ"
农业板块异动拉升 万方发展冲击涨停,2023-07-21 09:33:55,快兰斯24小时财经,"600313.SH,000638.SZ,300189.SZ,600127.SH"
电子烟板块早盘走强 顺灏股份涨停,2023-07-21 09:38:29,快兰斯24小时财经,"002655.SZ,002191.SZ,300032.SZ,000812.SZ,002565.SZ"
先进封装概念拉升走强 金龙机电接近20cm涨停,2023-07-21 09:39:30,快兰斯24小时财经,"002156.SZ,300032.SZ,300813.SZ,300812.SZ,600520.SH,300814.SZ"
锂矿概念下行 中矿资源跌超5%,2023-07-21 09:40:18,快兰斯24小时财经,"300390.SZ,09696.HK,002738.SZ,01772.HK,002460.SZ,002466.SZ"
面板概念股震荡走强 易天股份涨超10%,2023-07-21 09:41:44,快兰斯24小时财经,"002845.SZ,300241.SZ,300162.SZ,300708.SZ,300303.SZ"
AI应用端快速回升 金桥信息涨停,2023-07-21 09:54:55,快兰斯24小时财经,"002292.SZ,300624.SZ,300418.SZ,300663.SZ,002123.SZ,300170.SZ,300634.SZ"
氟化工概念板块异动拉升 永和股份涨超8%,2023-07-21 10:02:02,快兰斯24小时财经,"600378.SH,600160.SH,002326.SZ,605020.SH"
医美板块异动拉升 澳洋健康涨停,2023-07-21 10:36:19,快兰斯24小时财经,"002162.SZ,002172.SZ,300015.SZ,002612.SZ,002762.SZ"
智能驾驶概念股震荡走低 浙江世宝跌停,2023-07-21 11:08:18,快兰斯24小时财经,"002703.SZ,002355.SZ,01057.HK,301007.SZ,300807.SZ,000550.SZ,002590.SZ"
思摩尔国际再涨超4% 机构指公司研发投入有望逐步兑现,2023-07-21 11:40:02,快兰斯24小时财经,06969.HK
北交所公布第二季度券商执业质量评价结果,2023-07-21 13:16:19,快兰斯24小时财经,"601066.SH,000783.SZ,601901.SH,601555.SH,600918.SH,01776.HK,06806.HK,000166.SZ,000776.SZ"
存储芯片板块持续走低 万润科技触及跌停,2023-07-21 13:35:00,快兰斯24小时财经,"002654.SZ,300475.SZ,301099.SZ,300659.SZ,688123.SH,300302.SZ"
亿联网络：与微软联合打造的智能会议室音视频设备SmartVision 60将在8月上市,2023-07-21 13:36:56,快兰斯24小时财经,"MSFT.US,TISI.US"
CPO午后震荡走低,2023-07-21 13:45:56,快兰斯24小时财经,"300394.SZ,301218.SZ,300502.SZ,300308.SZ,300570.SZ"
传媒股快速反弹 华闻集团直线拉升涨停,2023-07-21 14:02:06,快兰斯24小时财经,"600088.SH,300528.SZ,000793.SZ,600996.SH,300426.SZ"
中国船舶沪东中华自主研发三款绿色船型获五大国际船级社AIP认证,2023-07-21 14:13:14,快兰斯24小时财经,LOW.US
水产品概念持续走高 大湖股份涨超7%,2023-07-21 14:40:54,快兰斯24小时财经,"002696.SZ,300094.SZ,000798.SZ"
丰立智能：谐波减速器生产线未批量生产,2023-07-21 15:59:07,快兰斯24小时财经,HLIT.US
宁波方正：目前正加快推进与比亚迪进行新能源合作的步伐,2023-07-21 16:14:56,快兰斯24小时财经,"01211.HK,002594.SZ"
南向资金今日净买入5亿港元 快手净买入居前,2023-07-21 17:47:42,快兰斯24小时财经,"01548.HK,00700.HK,00941.HK,600011.SH,600941.SH,01024.HK,00902.HK"
深南电路：公司部分PCB产品有应用于AI服务器领域，目前此类产品占比较低,2023-07-21 19:14:46,快兰斯24小时财经,000037.SZ
在研国产九价HPV疫苗与进口疫苗效果相当,2023-07-21 20:45:43,快兰斯24小时财经,MRK.US
长亮科技中标上海银行新一代账务核心系统建设项目,2023-07-21 22:09:04,快兰斯24小时财经,300348.SZ
公募基金最新十大重仓股曝光，中兴通讯获大幅增持,2023-07-22 00:42:35,快兰斯24小时财经,"00700.HK,600519.SH,600809.SH,600276.SH,00763.HK,000568.SZ,300015.SZ,300750.SZ,601138.SH,300308.SZ,000063.SZ,002459.SZ,000858.SZ"
业内人士：国产HPV疫苗有望加快上市,2023-07-22 07:04:49,快兰斯24小时财经,"300142.SZ,603392.SH"
科远智慧：百万机组自主可控又突破 携手江苏国信集团共推控制系统国产化应用,2023-07-22 12:48:36,快兰斯24小时财经,002380.SZ
宣布降费的公募基金公司增至34家,2023-07-22 19:23:26,快兰斯24小时财经,"601211.SH,02611.HK"
“拆解”全球最大容量海风机组 价值超5000万“巨无霸”的供应商都有谁？,2023-07-22 21:50:57,快兰斯24小时财经,"002202.SZ,06899.HK,02208.HK"
180多只股近一周获机构调研，高预增低估值股被盯上,2023-07-22 22:16:55,快兰斯24小时财经,"300092.SZ,002459.SZ,002965.SZ,002918.SZ,000725.SZ,002518.SZ"
深信服与京东科技进行战略合作签约,2023-07-23 11:15:56,快兰斯24小时财经,"09618.HK,JD.US"
海思科：磺达肝癸钠注射液通过仿制药一致性评价,2023-07-23 15:35:44,快兰斯24小时财经,CSCO.US
ST中嘉：子公司预中标19.81亿元中国移动项目,2023-07-23 16:42:47,快兰斯24小时财经,000889.SZ
洛阳钼业：董事会批准子公司与宁德时代进行持续关联交易,2023-07-23 20:42:19,快兰斯24小时财经,300750.SZ
银行布局下半年：“贷”动实体 做好降本增效“加减法”,2023-07-24 07:19:15,快兰斯24小时财经,"601166.SH,01288.HK,601528.SH,601288.SH"
王健林转让北京万达投资49%股权！儒意影视有何来头？,2023-07-24 07:44:19,快兰斯24小时财经,00136.HK
中信建投：菜籽油等油脂价格上涨 生物柴油有望景气上行,2023-07-24 08:54:18,快兰斯24小时财经,"601066.SH,603822.SH"
中国儒意复牌涨近8% 公司接手北京万达49%股权,2023-07-24 09:27:36,快兰斯24小时财经,00136.HK
减速器板块延续跌势 中马传动连续2日跌停,2023-07-24 09:33:43,快兰斯24小时财经,"002553.SZ,301255.SZ,000678.SZ,002896.SZ"
文化传媒板块异动拉升 北京文化涨停,2023-07-24 09:35:45,快兰斯24小时财经,"000802.SZ,002400.SZ"
影视传媒股快速反弹 北京文化涨停,2023-07-24 09:38:45,快兰斯24小时财经,"000892.SZ,002739.SZ,601900.SH,301313.SZ,000802.SZ,002905.SZ"
Chiplet板块探底回升 同兴达直线涨停,2023-07-24 09:38:45,快兰斯24小时财经,"TSM.US,688216.SH,002845.SZ,688352.SH,300812.SZ,688362.SH,688419.SH"
猪肉概念股开盘拉升 *ST正邦涨停,2023-07-24 09:39:24,快兰斯24小时财经,"002157.SZ,002567.SZ,002548.SZ"
建材板块高开低走 坚朗五金等跌超5%,2023-07-24 09:50:02,快兰斯24小时财经,"002791.SZ,000786.SZ,002271.SZ,002043.SZ"
杭氧股份联合华友钴业1.45亿共设气体新公司,2023-07-24 09:53:15,快兰斯24小时财经,002430.SZ
创新药板块震荡反弹 景峰医药涨停,2023-07-24 09:53:55,快兰斯24小时财经,"000908.SZ,688192.SH,688197.SH"
康希诺生物涨超7% CS-2032疫苗临床试验获加拿大临床试验批准,2023-07-24 09:55:49,快兰斯24小时财经,VACC.US
PCB概念板块异动拉升 沪电股份涨超9%,2023-07-24 10:01:19,快兰斯24小时财经,"002463.SZ,002913.SZ,300657.SZ,300476.SZ"
MR（混合现实）板块异动拉升 易天股份20cm涨停,2023-07-24 10:06:44,快兰斯24小时财经,"603005.SH,300812.SZ,002236.SZ,002369.SZ,002475.SZ,603660.SH"
ChatGPT板块持续走高 凡拓数创触及20CM涨停,2023-07-24 10:30:02,快兰斯24小时财经,"300250.SZ,GOOGL.US,GOOG.US,301396.SZ,301313.SZ,002878.SZ"
核电概念股震荡反弹 融发核电涨停,2023-07-24 10:41:19,快兰斯24小时财经,"300600.SZ,002366.SZ,002011.SZ,002438.SZ,000777.SZ"
发改委与7家银行建立投贷联动试点合作机制,2023-07-24 10:55:33,快兰斯24小时财经,"601939.SH,601398.SH,01398.HK,01288.HK,03988.HK,00939.HK,601988.SH,601288.SH"
蔚来在鄂尔多斯成立销售新公司,2023-07-24 10:56:26,快兰斯24小时财经,"NIO.US,09866.HK"
新型城镇化板块再度拉升 山水比德20CM涨停,2023-07-24 11:00:02,快兰斯24小时财经,"300844.SZ,300949.SZ,300778.SZ,300989.SZ,300564.SZ"
房地产开发板块异动拉升 金科股份涨停,2023-07-24 11:02:18,快兰斯24小时财经,"000656.SZ,600708.SH,000961.SZ,002208.SZ,000090.SZ"
万达电影：目前公司发展平稳 下半年业绩要看票房表现,2023-07-24 12:13:29,快兰斯24小时财经,00136.HK
友阿股份：收到长沙银行利润分红款8002.27万元,2023-07-24 12:20:18,快兰斯24小时财经,002277.SZ
广汽菲克被恢复执行2000万,2023-07-24 14:16:18,快兰斯24小时财经,STLA.US
三家省属企业共同组建 四川西部锂业集团有限公司揭牌成立,2023-07-24 14:20:19,快兰斯24小时财经,002312.SZ
广电系个股尾盘异动 广西广电直线拉升涨停,2023-07-24 14:39:22,快兰斯24小时财经,"002400.SZ,600936.SH,000665.SZ"
中国宝安：下属子公司国际精密没有生产RV减速器,2023-07-24 15:10:29,快兰斯24小时财经,"00929.HK,HLIT.US"
高德红外：正与多家品牌汽车企业洽谈，开拓车载红外市场,2023-07-24 15:12:18,快兰斯24小时财经,02238.HK
北汽蓝谷注册资本增至约55.7亿,2023-07-24 16:05:41,快兰斯24小时财经,01958.HK
沪上阿姨计划年底申请港交所IPO,2023-07-24 16:12:04,快兰斯24小时财经,00665.HK
建研设计：今后将积极参与城中村改造项目,2023-07-24 16:18:58,快兰斯24小时财经,01109.HK
万安科技：公司目前没有与特斯拉合作,2023-07-24 16:33:53,快兰斯24小时财经,TSLA.US
百合花：修订公司2022年度向特定对象发行A股股票方案,2023-07-24 17:04:49,快兰斯24小时财经,603102.SH
海格通信：子公司预中标18.9亿元中国移动网络综合代维服务采购项目,2023-07-24 17:35:14,快兰斯24小时财经,002465.SZ
平安银行：董事会同意与山东黄金进行黄金租赁（套保）业务,2023-07-24 18:08:01,快兰斯24小时财经,000001.SZ
豫园股份：拟出售金徽酒5%股份,2023-07-24 18:38:55,快兰斯24小时财经,600655.SH
蓝科锂业单日碳酸锂产量达127吨 解决沉锂母液回收率低难题,2023-07-24 19:00:18,快兰斯24小时财经,"002816.SZ,000792.SZ"
通光线缆：子公司预中标9681万元国家电网采购项目,2023-07-24 19:08:29,快兰斯24小时财经,OCC.US
中贝通信：拟出资不低于1.2亿元设立智算算力中心合资公司,2023-07-24 19:24:03,快兰斯24小时财经,603220.SH
中船科技：发行股份购买资产事项获证监会同意批复,2023-07-24 20:14:25,快兰斯24小时财经,600072.SH
骄成超声：公司的超声波滚焊机已经为宁德时代供货,2023-07-24 23:28:30,快兰斯24小时财经,300750.SZ
华为、中兴通讯等收获中国移动集采订单,2023-07-25 03:07:43,快兰斯24小时财经,"00763.HK,000889.SZ,000063.SZ,002929.SZ,300310.SZ,002465.SZ"
南向资金集中流入央企，业绩韧性推动港股市场央企估值重构,2023-07-25 04:07:36,快兰斯24小时财经,"00857.HK,600938.SH,00883.HK,PTR.US,00386.HK"
多只牛股涌现，基金潜伏收获颇丰,2023-07-25 06:14:37,快兰斯24小时财经,"00826.HK,300457.SZ"
基金独门股浮出水面，公募建议下半年均衡布局,2023-07-25 06:16:36,快兰斯24小时财经,"300042.SZ,300345.SZ,002261.SZ,002105.SZ"
复星国际：出售金徽酒股份 总代价5.99亿元,2023-07-25 08:46:43,快兰斯24小时财经,"00656.HK,600655.SH"
券商股集体高开 太平洋、首创证券竞价涨停,2023-07-25 09:27:19,快兰斯24小时财经,"601162.SH,000750.SZ,002670.SZ,601555.SH,601136.SH"
白酒板块盘初活跃 泸州老窖涨超6%,2023-07-25 09:31:30,快兰斯24小时财经,"600559.SH,000858.SZ,000568.SZ,000596.SZ"
装配式建筑板块异动拉升 柯利达涨停,2023-07-25 09:34:19,快兰斯24小时财经,"601155.SH,000786.SZ,300767.SZ,300986.SZ,301227.SZ"
汽车整车板块异动拉升 亚星客车涨停,2023-07-25 09:34:30,快兰斯24小时财经,"000868.SZ,000957.SZ,600213.SH,000625.SZ,000550.SZ"
养鸡板块异动下跌 华统股份跌超5%,2023-07-25 09:35:55,快兰斯24小时财经,"002567.SZ,300498.SZ,002458.SZ,002840.SZ"
地产产业链个股表现活跃 东方雨虹等多股涨停,2023-07-25 09:38:44,快兰斯24小时财经,"002572.SZ,002043.SZ,002853.SZ,002271.SZ,600321.SH,603833.SH,603208.SH,001322.SZ,301227.SZ"
汽车零部件板块异动拉升 星源卓镁涨超13%,2023-07-25 09:47:21,快兰斯24小时财经,"301192.SZ,002553.SZ,000700.SZ,301398.SZ"
电力板块持续下挫 华能国际、皖能电力跌超5%,2023-07-25 09:51:19,快兰斯24小时财经,"000543.SZ,600027.SH,600011.SH,600023.SH"
房地产产业链掀涨停潮,2023-07-25 10:11:03,快兰斯24小时财经,"000656.SZ,600322.SH,600048.SH,002043.SZ,002853.SZ,600321.SH,600383.SH,603180.SH,002244.SZ,000961.SZ,603737.SH,601155.SH,002271.SZ,600743.SH,002918.SZ,001322.SZ,600565.SH,603801.SH"
ChatGPT板块异动拉升 万兴科技大涨近10%,2023-07-25 10:31:31,快兰斯24小时财经,"688039.SH,688590.SH,300058.SZ,300459.SZ,688787.SH,300418.SZ"
房地产板块持续走强 金地集团等近10股涨停,2023-07-25 10:55:19,快兰斯24小时财经,"000656.SZ,000002.SZ,600048.SH,002146.SZ,000736.SZ,002244.SZ"
金融科技板块异动拉升 财富趋势20CM涨停,2023-07-25 11:04:22,快兰斯24小时财经,"300085.SZ,300033.SZ,601519.SH,600446.SH,300803.SZ"
国家发改委负责同志多形式听取民营企业意见建议,2023-07-25 11:48:32,快兰斯24小时财经,"002001.SZ,NIO.US,09866.HK"
中工国际：未来不排除通过收购优质资产来优化业务布局,2023-07-25 12:24:55,快兰斯24小时财经,CLNE.US
上汽飞凡新车获OTA 升级，新增主动加速变道等功能,2023-07-25 12:37:37,快兰斯24小时财经,IQ.US
银河证券：电影市场焕生机 暑期丰收信心强,2023-07-25 12:59:29,快兰斯24小时财经,"300133.SZ,002739.SZ,001330.SZ"
汽车整车板块持续走强 中通客车冲击涨停,2023-07-25 13:04:29,快兰斯24小时财经,"000868.SZ,301039.SZ,600418.SH,000957.SZ,01839.HK,600213.SH,000625.SZ,000550.SZ"
旅游概念股震荡走高，荣盛发展涨停,2023-07-25 13:20:20,快兰斯24小时财经,"001979.SZ,002146.SZ,600185.SH,600606.SH"
46家食品饮料上市公司预披半年报业绩 近7成预告盈利,2023-07-25 14:00:54,快兰斯24小时财经,"600519.SH,300146.SZ"
券商股午后持续走高,2023-07-25 14:10:53,快兰斯24小时财经,"06178.HK,000750.SZ,600095.SH,601059.SH,601555.SH,601788.SH,601136.SH"
中贝通信：中标中国移动2023年至2026年网络综合代维服务采购项目,2023-07-25 15:47:20,快兰斯24小时财经,"00941.HK,600941.SH"
浩物股份：已为理想汽车，比亚迪，赛力斯等多家车企混动车型供应曲轴产品,2023-07-25 16:44:48,快兰斯24小时财经,"02015.HK,01211.HK,601127.SH,LI.US,002594.SZ"
欧林生物：冻干b型流感嗜血杆菌结合疫苗获得临床试验批准通知书,2023-07-25 17:34:47,快兰斯24小时财经,OLN.US
真视通：与汤姆猫签署战略合作框架协议,2023-07-25 17:38:24,快兰斯24小时财经,002771.SZ
再升科技：拟出售全资子公司悠远环境70%股权,2023-07-25 18:02:41,快兰斯24小时财经,NNBR.US
昊志机电：按摩机器人相关产品已实现量产,2023-07-25 18:12:36,快兰斯24小时财经,HLIT.US
盈峰环境：全资子公司中标2.95亿元合同,2023-07-25 18:14:04,快兰斯24小时财经,"01157.HK,000157.SZ"
冀中能源：全资子公司拟公开挂牌转让乾新煤业72%股权,2023-07-25 18:19:48,快兰斯24小时财经,000937.SZ
汤姆猫：已与英伟达、微软、谷歌等企业及相关负责人开展交流,2023-07-25 18:35:54,快兰斯24小时财经,"NVDA.US,GOOGL.US,GOOG.US,MSFT.US"
中远海能：间接持股公司签署LNG运输项目造船合同及租船合同,2023-07-25 19:13:12,快兰斯24小时财经,"600026.SH,01138.HK"
彩讯股份澄清：“公司被封了”等传闻均为谣言,2023-07-25 20:23:30,快兰斯24小时财经,300059.SZ
孚能科技：控股股东筹划涉及公司控制权变更事项 股票停牌,2023-07-25 20:46:30,快兰斯24小时财经,CIG.C.US
昊志机电：对于Optimus机器人的旋转执行器方案 公司没有与特斯拉进行对接,2023-07-25 21:02:25,快兰斯24小时财经,"HLIT.US,TSLA.US"
高温驱动订单火爆 多家家电公司业绩亮眼,2023-07-26 07:27:30,快兰斯24小时财经,000521.SZ
试验证明国产九价HPV疫苗与进口疫苗效果相当,2023-07-26 07:44:08,快兰斯24小时财经,MRK.US
国盛证券：猪周期预期反转机会再度来临,2023-07-26 08:42:59,快兰斯24小时财经,"300498.SZ,603363.SH,000876.SZ,002840.SZ,000048.SZ,002567.SZ,600975.SH,002714.SZ"
宏昌电子：公司开发的PPO聚苯醚适用于5G领域,2023-07-26 08:47:27,快兰斯24小时财经,INTC.US
房地产板块集体高开 金科股份竞价涨停,2023-07-26 09:27:18,快兰斯24小时财经,"000656.SZ,000961.SZ,002146.SZ,600322.SH"
传媒板块异动下跌 广西广电跌超5%,2023-07-26 09:33:54,快兰斯24小时财经,"000681.SZ,600936.SH"
酒店餐饮及旅游板块异动拉升 西安旅游涨超5%,2023-07-26 09:39:54,快兰斯24小时财经,"600754.SH,000610.SZ,000721.SZ,600258.SH,600706.SH"
CPO概念早盘走弱 华工科技跌超5%,2023-07-26 09:46:43,快兰斯24小时财经,"300502.SZ,300570.SZ,000988.SZ,300308.SZ"
港股有色金属板块震荡上行,2023-07-26 09:49:18,快兰斯24小时财经,"01208.HK,00815.HK"
教育股震荡下挫,2023-07-26 09:51:19,快兰斯24小时财经,"300336.SZ,300192.SZ,301231.SZ,000526.SZ,300688.SZ"
星源卓镁等30股近五日获机构净买入,2023-07-26 10:04:29,快兰斯24小时财经,"002271.SZ,601900.SH,301398.SZ,000625.SZ,601136.SH"
服装家纺板块探底回升 美邦服饰涨停,2023-07-26 10:04:43,快兰斯24小时财经,"002269.SZ,601718.SH,603365.SH,002875.SZ,301276.SZ,600398.SH"
减速器板块震荡走低 中马传动跌超5%,2023-07-26 10:09:54,快兰斯24小时财经,"000678.SZ,300403.SZ,002553.SZ,000837.SZ,002600.SZ"
传媒板块震荡回升 横店影视冲击涨停,2023-07-26 10:25:18,快兰斯24小时财经,"000892.SZ,001330.SZ,002739.SZ,600977.SH,300426.SZ,002905.SZ,600715.SH"
港股医药外包概念异动拉升,2023-07-26 10:26:18,快兰斯24小时财经,"01873.HK,300347.SZ,03347.HK,02269.HK,002821.SZ,06821.HK"
影视股快速反弹，横店影视涨超8%,2023-07-26 10:30:50,快兰斯24小时财经,"000892.SZ,001330.SZ,002739.SZ,600977.SH,300426.SZ,600715.SH"
A股汽车零部件板块盘中走低,2023-07-26 10:30:54,快兰斯24小时财经,"301192.SZ,000880.SZ,002284.SZ,300969.SZ,603767.SH,300707.SZ"
A股大基建、新型城镇化板块持续走高,2023-07-26 10:47:18,快兰斯24小时财经,"002310.SZ,300284.SZ,300977.SZ,300844.SZ,300675.SZ,301429.SZ,000826.SZ,300989.SZ,605069.SH,300983.SZ"
磷化工板块盘中走强 清水源涨超9%,2023-07-26 10:48:29,快兰斯24小时财经,"300437.SZ,002749.SZ,300505.SZ,000422.SZ"
A股汽车整车板块持续走低,2023-07-26 10:54:29,快兰斯24小时财经,"000572.SZ,600418.SH,301039.SZ,601127.SH,000625.SZ,01839.HK"
A股5G概念股多数走低,2023-07-26 11:02:19,快兰斯24小时财经,"300731.SZ,000917.SZ,002316.SZ,300514.SZ,300644.SZ,301419.SZ,002600.SZ"
零售股震荡反弹 国芳集团午后涨停,2023-07-26 13:29:51,快兰斯24小时财经,"600697.SH,600693.SH,002336.SZ,601086.SH,600712.SH"
钢铁股异动拉升 重庆钢铁涨停,2023-07-26 14:15:19,快兰斯24小时财经,"600507.SH,600569.SH,600307.SH,600231.SH,600022.SH"
贵金属概念尾盘异动拉升 四川黄金涨超7%,2023-07-26 14:29:01,快兰斯24小时财经,"001337.SZ,000506.SZ,000975.SZ,01787.HK,600547.SH"
房地产再掀涨停潮 行情继续发酵还是接近尾声？,2023-07-26 15:05:01,快兰斯24小时财经,300059.SZ
海汽集团：公司不存在利用重组进行内幕交易情形,2023-07-26 15:44:18,快兰斯24小时财经,000886.SZ
富创精密：目前暂不涉及与封装测试业务相关企业的直接合作,2023-07-26 15:49:55,快兰斯24小时财经,"688120.SH,002371.SZ"
省广集团：目前与Meta仅为日常的广告业务合作关系,2023-07-26 16:31:30,快兰斯24小时财经,META.US
29股获机构买入型评级，宁德时代关注度最高,2023-07-26 17:26:20,快兰斯24小时财经,"300617.SZ,JKS.US,688223.SH,300750.SZ,002558.SZ,600584.SH,600872.SH,601166.SH,600011.SH"
进口鱼粉4个月暴涨39% 饲料企业全面涨价 需求旺季或刺激鱼粉续涨,2023-07-26 18:46:02,快兰斯24小时财经,000876.SZ
*ST正邦：董事拟减持不超1.24%股份,2023-07-26 19:33:12,快兰斯24小时财经,NNBR.US
彩讯股份成为中国移动首批“移动云运维生态合作伙伴”,2023-07-26 20:17:09,快兰斯24小时财经,300634.SZ
华宝证券被指存在未充分评估技术风险等问题,2023-07-26 21:00:13,快兰斯24小时财经,300059.SZ
加仓中国资产 海外资管巨头集体出手,2023-07-27 07:02:44,快兰斯24小时财经,"00700.HK,600519.SH,JD.US,00777.HK,300750.SZ,BIDU.US,09888.HK,09618.HK"
外资公募最新持仓曝光，最青睐制造板块,2023-07-27 07:19:30,快兰斯24小时财经,600519.SH
威士顿：公司参与洋山港、青岛港等港口项目的建设,2023-07-27 08:28:34,快兰斯24小时财经,301315.SZ
汽车整车板块集体高开 海马汽车竞价涨停,2023-07-27 09:28:09,快兰斯24小时财经,"000572.SZ,000957.SZ,600213.SH,601127.SH,000980.SZ"
房地产开发盘初走低 天房发展跌超6%,2023-07-27 09:29:19,快兰斯24小时财经,"600638.SH,000014.SZ,600322.SH,600159.SH"
汽车产业链开盘大涨,2023-07-27 09:29:39,快兰斯24小时财经,"XPEV.US,301488.SZ,300375.SZ,603023.SH,300745.SZ,09868.HK,002662.SZ,000572.SZ"
新型城镇化异动下跌 苏州规划跌超10%,2023-07-27 09:36:45,快兰斯24小时财经,"300983.SZ,002310.SZ,300649.SZ,300977.SZ"
一体化压铸开盘走强 广东鸿图冲击涨停,2023-07-27 09:37:01,快兰斯24小时财经,"001319.SZ,605133.SH,002863.SZ,002101.SZ"
电力板块异动拉升 大连热电涨超7%,2023-07-27 09:45:19,快兰斯24小时财经,"600642.SH,600719.SH,000600.SZ,000543.SZ,600023.SH"
拓维信息等28股近五日获机构净买入,2023-07-27 09:46:19,快兰斯24小时财经,"002315.SZ,000625.SZ,002271.SZ,002261.SZ"
新型城镇化板块探底回升 龙泉股份涨停,2023-07-27 09:47:19,快兰斯24小时财经,"301091.SZ,002671.SZ,300844.SZ,301288.SZ,300665.SZ,301024.SZ"
钢铁板块持续走强 柳钢股份涨超6%,2023-07-27 09:55:19,快兰斯24小时财经,"600019.SH,600782.SH,000932.SZ,600808.SH"
先进封装板块走弱 易天股份跌超10%,2023-07-27 10:07:44,快兰斯24小时财经,"002156.SZ,300812.SZ,600520.SH,300410.SZ,600584.SH"
饮料制造板块盘中走强 舍得酒业涨超4%,2023-07-27 10:10:01,快兰斯24小时财经,"600559.SH,600702.SH,600809.SH,002568.SZ"
大金融方向再度走高 银行股领涨,2023-07-27 10:15:55,快兰斯24小时财经,"01288.HK,01336.HK,001227.SZ,600155.SH,601336.SH,601288.SH"
汽车零部件概念股持续走高 兴民智通等近10股涨停,2023-07-27 10:28:44,快兰斯24小时财经,"301119.SZ,002355.SZ,300375.SZ,300176.SZ,301133.SZ,603786.SH,002363.SZ,002766.SZ"
中船系异动拉升 中国船舶涨超5%,2023-07-27 10:32:19,快兰斯24小时财经,"600072.SH,301311.SZ,600482.SH,600150.SH"
铭科精技：公司已成为小鹏汽车、一汽大众、赛力斯、比亚迪等的合格供应商,2023-07-27 11:09:44,快兰斯24小时财经,"XPEV.US,09868.HK,01211.HK,601127.SH,002594.SZ"
均胜电子：公司给小鹏G9、G6、G3等多款车型供应汽车电子及汽车安全类产品,2023-07-27 11:10:01,快兰斯24小时财经,XPEV.US
长飞光纤：旗下子公司长芯盛（汉川）科技正式投产,2023-07-27 12:52:35,快兰斯24小时财经,OCC.US
东方明珠：目前公司未与微软小冰直接开展业务合作,2023-07-27 13:08:29,快兰斯24小时财经,"MSFT.US,600637.SH"
光刻机板块午后走低,2023-07-27 13:09:29,快兰斯24小时财经,"300054.SZ,002409.SZ,002559.SZ,300655.SZ,300236.SZ"
电商概念股震荡走低,2023-07-27 13:09:54,快兰斯24小时财经,"002315.SZ,002640.SZ,300464.SZ,300792.SZ,301376.SZ"
钢铁板块午后拉升 重庆钢铁触及涨停,2023-07-27 13:13:16,快兰斯24小时财经,"600782.SH,000932.SZ,601003.SH"
半导体及元件午后持续走低 富创精密跌超10%,2023-07-27 13:14:54,快兰斯24小时财经,"002156.SZ,688409.SH,002409.SZ,002119.SZ"
新型城镇化板块震荡回升,2023-07-27 13:21:18,快兰斯24小时财经,"000010.SZ,301091.SZ,300844.SZ,300746.SZ,300564.SZ,301024.SZ"
ChatGPT概念午后持续走低 鸿博股份跌超5%,2023-07-27 13:22:43,快兰斯24小时财经,"301231.SZ,002530.SZ,301313.SZ,300364.SZ,002229.SZ"
零售股快速反弹，人人乐涨超7%,2023-07-27 13:43:54,快兰斯24小时财经,"600859.SH,601086.SH,002336.SZ,600697.SH"
旷达科技：内饰产品有应用于小鹏汽车相关车型，对公司整体业绩影响很小,2023-07-27 13:48:18,快兰斯24小时财经,"XPEV.US,09868.HK"
森麒麟：已获德国大众7个车型18个规格的配套资格,2023-07-27 14:00:39,快兰斯24小时财经,XPEV.US
招商证券：预计电解铝行业供需关系将长周期持续改善,2023-07-27 14:07:20,快兰斯24小时财经,"600219.SH,601388.SH,000933.SZ,002532.SZ,600595.SH,01378.HK,000807.SZ"
联诚精密：暂时没有与小鹏汽车开展合作,2023-07-27 15:07:01,快兰斯24小时财经,"XPEV.US,09868.HK"
多利科技：公司的客户包括上汽集团等传统整车制造商和理想汽车等知名新能源整车制造商,2023-07-27 15:08:01,快兰斯24小时财经,"001311.SZ,LI.US,02015.HK"
汽车零部件板块掀涨停潮 汽车股行情卷土重来？,2023-07-27 15:10:29,快兰斯24小时财经,600109.SH
雅创电子：公司与特斯拉通过部件厂商间接开展业务合作,2023-07-27 15:35:54,快兰斯24小时财经,TSLA.US
佰仁医疗：经导管瓣中瓣系统进入创新医疗器械特别审查程序,2023-07-27 15:36:06,快兰斯24小时财经,002173.SZ
盈趣科技：公司主要为小鹏汽车提供电子防眩镜等产品,2023-07-27 16:04:17,快兰斯24小时财经,"XPEV.US,09868.HK"
溯联股份：公司已于2021年成为小鹏汽车一级供应商,2023-07-27 16:16:00,快兰斯24小时财经,"XPEV.US,09868.HK"
贝达药业：EYP-1901玻璃体内植入剂药品获得临床试验批准,2023-07-27 16:42:12,快兰斯24小时财经,EYPT.US
中海达：目前公司车载端软硬件产品已定点应用在小鹏等多款量产新车型,2023-07-27 16:47:13,快兰斯24小时财经,XPEV.US
中航电测20cm涨停，两机构卖出5.18亿元,2023-07-27 16:50:35,快兰斯24小时财经,300114.SZ
2022年全球百大集装箱港口发布，榜单前十名中有7个来自中国,2023-07-27 17:41:25,快兰斯24小时财经,"601228.SH,LOW.US"
南向资金今日净卖出约37亿港元 小鹏汽车净卖出居前,2023-07-27 17:55:12,快兰斯24小时财经,"XPEV.US,09868.HK,02331.HK"
致欧科技：目前暂无在国内平台上拓展的计划,2023-07-27 18:05:54,快兰斯24小时财经,AMZN.US
亿纬锂能：拟与泰国公司EA集团建设至少6GWh的电池生产基地,2023-07-27 18:35:18,快兰斯24小时财经,CIG.C.US
标榜股份：今年以来，新能源业务客户不断增加,2023-07-27 18:50:09,快兰斯24小时财经,"002594.SZ,300207.SZ,01211.HK,RIO.US"
金禄电子：PCB产品有应用于小鹏汽车,2023-07-27 18:51:13,快兰斯24小时财经,"XPEV.US,09868.HK"
美晨生态：公司作为小鹏汽车一级供应商，已有多个量产项目在稳定供货,2023-07-27 18:58:25,快兰斯24小时财经,"XPEV.US,09868.HK"
海泰科：公司与长城、吉利、比亚迪、高合采取直接合作的模式,2023-07-27 20:16:17,快兰斯24小时财经,"XPEV.US,01211.HK,NIO.US,09866.HK,002594.SZ"
中集集团：当前公司三个生产基地的市场订单稳定,2023-07-27 21:58:25,快兰斯24小时财经,CLNE.US
61股发布上半年业绩快报 多股获北上资金增持,2023-07-28 02:33:20,快兰斯24小时财经,"002315.SZ,002028.SZ"
十余家公司股权激励“门槛”过低被问询，专家提醒：股权激励不能成为利益输送工具,2023-07-28 03:40:37,快兰斯24小时财经,"300236.SZ,300109.SZ,300002.SZ,002213.SZ,300577.SZ"
上市公司半年报陆续披露，基金机构寻找业绩之锚,2023-07-28 06:59:39,快兰斯24小时财经,"600428.SH,000690.SZ,002380.SZ"
松芝股份：公司暂未与特斯拉在业务上进行合作,2023-07-28 08:47:01,快兰斯24小时财经,TSLA.US
致远互联再签约燕京啤酒,2023-07-28 08:52:49,快兰斯24小时财经,"TCOM.US,000729.SZ,09961.HK"
贵金属盘初走低 四川黄金跌超4%,2023-07-28 09:28:30,快兰斯24小时财经,"001337.SZ,600489.SH,000975.SZ,600988.SH"
汽车整车异动下跌 亚星客车跌近5%,2023-07-28 09:28:44,快兰斯24小时财经,"000625.SZ,000980.SZ,600066.SH,000550.SZ"
美容护理盘初走强 水羊股份涨超16%,2023-07-28 09:31:57,快兰斯24小时财经,"002094.SZ,002762.SZ,002612.SZ,002172.SZ"
水利板块走强 龙泉股份2连板,2023-07-28 09:34:01,快兰斯24小时财经,"002671.SZ,300198.SZ,300262.SZ,301038.SZ,301151.SZ"
券商股开盘冲高 太平洋涨超5%,2023-07-28 09:34:49,快兰斯24小时财经,"06178.HK,600030.SH,601555.SH,002945.SZ,601788.SH,06030.HK,601136.SH"
太平洋等34股近五日获机构净买入,2023-07-28 09:41:55,快兰斯24小时财经,"000656.SZ,000625.SZ,002271.SZ"
东方甄选涨近5% 机构给予“买入”评级,2023-07-28 09:50:19,快兰斯24小时财经,01797.HK
商业连锁板块震荡走强 中兴商业、国芳集团涨停,2023-07-28 09:59:30,快兰斯24小时财经,"600814.SH,002336.SZ,000715.SZ,600280.SH"
金发科技、卧龙电驱等参设股权投资公司 注册资本32.8亿,2023-07-28 10:00:15,快兰斯24小时财经,"600143.SH,600030.SH,06030.HK"
一体化压铸异动下跌 博俊科技跌超6%,2023-07-28 10:05:29,快兰斯24小时财经,"001319.SZ,605133.SH,002101.SZ,300926.SZ"
汽车零部件板块探底拉升 鹏翎股份涨超14%,2023-07-28 10:11:30,快兰斯24小时财经,"301119.SZ,300375.SZ,002355.SZ,301398.SZ"
游戏股持续低迷 顺网科技跌超4%,2023-07-28 10:19:44,快兰斯24小时财经,"002292.SZ,300113.SZ,300002.SZ,300364.SZ,002555.SZ"
中京电子：公司直接或间接为比亚迪、上汽、小鹏、理想等新能源汽车厂商提供动力电池BMS配套产品服务,2023-07-28 10:37:42,快兰斯24小时财经,"002594.SZ,01211.HK,XPEV.US"
大金融概念集体拉升 天风证券涨超8%,2023-07-28 10:42:18,快兰斯24小时财经,"03678.HK,601059.SH,002142.SZ,001236.SZ,06030.HK,600030.SH,601136.SH"
智能驾驶板块持续走强 赛力斯涨停,2023-07-28 10:48:18,快兰斯24小时财经,"01057.HK,300403.SZ,601127.SH,300304.SZ,301398.SZ,002703.SZ"
金融科技股震荡拉升,2023-07-28 10:57:41,快兰斯24小时财经,"300368.SZ,300085.SZ,300033.SZ,601519.SH,300803.SZ"
房地产开发午后持续拉升 金科股份冲击涨停,2023-07-28 13:03:06,快兰斯24小时财经,"000656.SZ,600266.SH,600067.SH,002146.SZ,002244.SZ"
互联网金融板块异动拉升 同花顺涨超14%,2023-07-28 13:05:54,快兰斯24小时财经,"301315.SZ,600446.SH,300085.SZ,300033.SZ"
10股获基金调研，美埃科技最受关注,2023-07-28 13:11:54,快兰斯24小时财经,"688305.SH,600363.SH"
免税概念午后异动拉升 海印股份涨停,2023-07-28 13:19:59,快兰斯24小时财经,"600238.SH,000759.SZ,000861.SZ,001979.SZ"
顺网科技旗下汉威信恒与酷斯塔夫战略合作,2023-07-28 14:39:23,快兰斯24小时财经,300336.SZ
彩讯股份中标咪咕公司2023-2024年用户集中运营支撑服务项目,2023-07-28 14:57:43,快兰斯24小时财经,300634.SZ
两大芯片公司“互怼”！乐鑫科技称同行误导投资者，博通集成回应,2023-07-28 15:06:09,快兰斯24小时财经,"603068.SH,AVGO.US"
国华网安：未建立类似华为自主研发的综合管理平台,2023-07-28 15:25:30,快兰斯24小时财经,00370.HK
菜鸟东南亚最大智慧物流枢纽 印尼雅加达cHub正式启用,2023-07-28 15:27:46,快兰斯24小时财经,HUBG.US
中瓷电子：碳化硅功率模块，目前已与比亚迪、智旋等重要客户签订供货协议并供货,2023-07-28 15:44:02,快兰斯24小时财经,"01211.HK,002594.SZ"
德迈仕：公司新能源汽车产品最终使用客户包括小鹏汽车,2023-07-28 16:06:02,快兰斯24小时财经,"XPEV.US,09868.HK"
金达威：股东拟减持不超过1.97%股份,2023-07-28 16:24:00,快兰斯24小时财经,002626.SZ
华伍股份：参股子公司勒迈科技前期通过其客户与特斯拉有过相关接触，目前尚未送样特斯拉,2023-07-28 16:34:07,快兰斯24小时财经,TSLA.US
联络互动：子公司Newegg与全球许多最大的技术产品商保持长期合作关系,2023-07-28 16:34:27,快兰斯24小时财经,"NVDA.US,AMD.US,INTC.US,MSFT.US"
星源卓镁：公司暂未向小鹏汽车供货,2023-07-28 16:34:30,快兰斯24小时财经,"XPEV.US,09868.HK"
雅创电子：目前与小鹏配套的有P7和G9等平台车型,2023-07-28 16:41:42,快兰斯24小时财经,XPEV.US
双良节能：签订1.35亿元日常经营性合同,2023-07-28 17:03:36,快兰斯24小时财经,01539.HK
东方财富、中信证券等32股获特大单资金净流入超2亿元,2023-07-28 17:33:40,快兰斯24小时财经,"000001.SZ,300059.SZ,600030.SH,601688.SH,000977.SZ,06030.HK,601127.SH,000625.SZ,06886.HK"
南向资金今日净买入73亿港元 恒生中国企业净买入居前,2023-07-28 17:42:01,快兰斯24小时财经,"03690.HK,01797.HK"
30股获机构买入型评级，今世缘、万华化学关注度最高,2023-07-28 17:44:01,快兰斯24小时财经,"300378.SZ,002138.SZ,600363.SH,603369.SH,600309.SH,002568.SZ,300740.SZ"
顺丰控股最快8月向港交所提交上市申请？回应：建议关注后续公告,2023-07-28 17:59:21,快兰斯24小时财经,"JPM.US,GS.US"
铜牛信息：拟签署项目入园协议,2023-07-28 18:47:04,快兰斯24小时财经,000931.SZ
A股机构化进程持续加快 券商私募业务升温,2023-07-29 03:24:37,快兰斯24小时财经,600918.SH
7月券商调研忙 绩优股受关注,2023-07-29 08:02:09,快兰斯24小时财经,"002791.SZ,002965.SZ"
英特尔宣布大湾区科技创新中心启动运营,2023-07-29 10:22:55,快兰斯24小时财经,"INTC.US,002837.SZ"
浙商中拓：山西省介休市委副书记、市长魏鹏耀一行到公司走访交流,2023-07-29 10:30:26,快兰斯24小时财经,000906.SZ
福然德股份与宝山电信、孟伯智能签订 5G 智慧工厂战略合作协议,2023-07-29 10:49:56,快兰斯24小时财经,605050.SH
河南多家上市公司：暂未受台风影响 生产经营状况良好,2023-07-29 15:58:19,快兰斯24小时财经,"300480.SZ,600595.SH,300007.SZ,002448.SZ,300179.SZ"
新天绿色能源公司与三一重能公司签署战略合作协议,2023-07-29 20:44:22,快兰斯24小时财经,"600956.SH,00956.HK"
英维克与英特尔签约，加速液冷技术推广应用,2023-07-29 22:05:05,快兰斯24小时财经,INTC.US
顺网科技与咪咕合作签订战略升级协议,2023-07-29 22:53:00,快兰斯24小时财经,300113.SZ
华为政务一网通军团与拓维信息等同舟共济伙伴签约,2023-07-30 12:29:52,快兰斯24小时财经,00939.HK
下周50只股票限售股解禁，解禁市值945.79亿元,2023-07-30 14:43:38,快兰斯24小时财经,"605318.SH,605118.SH,01456.HK,601456.SH,301269.SZ,605222.SH"
粤水电：目前在手订单充足 生产任务较饱满,2023-07-30 15:25:13,快兰斯24小时财经,CLNE.US
月内12家A股公司刷新分拆上市进度条 创业板成为拟上市板块优选,2023-07-31 07:10:29,快兰斯24小时财经,"002614.SZ,600018.SH"
国泰君安：楼市政策密度将决定板块高度，目前已经是蜜月期,2023-07-31 07:54:58,快兰斯24小时财经,"601211.SH,600048.SH,001979.SZ,02611.HK,600683.SH,600376.SH"
华图山鼎：拟拓展新业务进入职业教育领域,2023-07-31 08:01:36,快兰斯24小时财经,CECO.US
国泰君安：投资端改革成新重点 增持头部券商,2023-07-31 08:09:26,快兰斯24小时财经,"601211.SH,601601.SH,01336.HK,601555.SH,300033.SZ,02601.HK,02611.HK,06030.HK,600030.SH,601336.SH,601688.SH,06886.HK"
安凯客车：公司与小鹏汽车没有合作项目,2023-07-31 08:25:54,快兰斯24小时财经,"XPEV.US,09868.HK"
证券板块开盘继续走强 太平洋等一字涨停,2023-07-31 09:28:47,快兰斯24小时财经,"601162.SH,000750.SZ,601059.SH,06030.HK,600155.SH,600030.SH,601136.SH"
房地产板块开盘继续冲高 城建发展一字涨停,2023-07-31 09:33:54,快兰斯24小时财经,"600266.SH,600639.SH,002208.SZ,000090.SZ,600748.SH,000608.SZ"
汽车整车股开盘走强 海马汽车3连板,2023-07-31 09:35:42,快兰斯24小时财经,"000572.SZ,600418.SH,01839.HK,301039.SZ,601127.SH,000625.SZ,000980.SZ,000868.SZ"
转基因板块异动拉升 神农科技涨超7%,2023-07-31 09:36:18,快兰斯24小时财经,"300087.SZ,600313.SH,300189.SZ,600354.SH"
银行板块异动拉升 紫金银行涨超6%,2023-07-31 09:39:31,快兰斯24小时财经,"601838.SH,601187.SH,002142.SZ,601860.SH"
CRO概念盘中走强 康龙化成涨超5%,2023-07-31 09:42:02,快兰斯24小时财经,"603259.SH,03759.HK,688076.SH,02359.HK,688131.SH,300759.SZ"
金融IT概念股继续活跃 财富趋势20CM2连板,2023-07-31 09:43:33,快兰斯24小时财经,"603383.SH,301315.SZ,300033.SZ,601519.SH,300803.SZ"
旅游酒店板块震荡走高 金陵饭店涨停,2023-07-31 09:51:55,快兰斯24小时财经,"600754.SH,605108.SH,000721.SZ,600258.SH,301073.SZ,600706.SH"
生物制品板块异动下跌 赛伦生物跌超11%,2023-07-31 09:56:18,快兰斯24小时财经,"300122.SZ,300239.SZ,603392.SH,688163.SH"
中字头个股震荡拉升 中国中铁等多股涨超5%,2023-07-31 09:56:24,快兰斯24小时财经,"002051.SZ,300374.SZ,601186.SH,601390.SH,01186.HK,00598.HK,601598.SH,00390.HK,600528.SH"
AH股地产股集体大涨,2023-07-31 10:01:41,快兰斯24小时财经,"02777.HK,002208.SZ,00960.HK,01918.HK,002377.SZ,06158.HK,01638.HK"
小金属板块异动拉升 博迁新材涨超6%,2023-07-31 10:07:18,快兰斯24小时财经,"603799.SH,09696.HK,000960.SZ,03993.HK,603993.SH,002466.SZ"
有色金属板块震荡走高 和胜股份冲击涨停,2023-07-31 10:07:55,快兰斯24小时财经,"601168.SH,000960.SZ,600531.SH,601677.SH,002824.SZ"
房地产开发板块持续走强 金科股份涨停录得7天5板,2023-07-31 10:08:43,快兰斯24小时财经,"000656.SZ,600340.SH,000014.SZ,002146.SZ,600322.SH,002208.SZ,600376.SH"
证券板块继续走强 国海证券等再度涨停,2023-07-31 10:12:36,快兰斯24小时财经,"601162.SH,000750.SZ,601059.SH,600909.SH,600369.SH,600155.SH,601136.SH"
北京文化：公司携手鹤壁市推出“看封神电影，免费游鹤壁”系列活动,2023-07-31 10:58:21,快兰斯24小时财经,CYOU.US
工业富联投资新设电子科技公司 含智能车载设备销售业务,2023-07-31 11:49:48,快兰斯24小时财经,UMC.US
深南电路：已具备FC-BGA封装基板中阶产品样品制造能力,2023-07-31 12:52:06,快兰斯24小时财经,000037.SZ
奥特维参设科技新公司 经营范围含半导体器件专用设备制造,2023-07-31 12:58:25,快兰斯24小时财经,VJET.US
多只中药股午后跳水,2023-07-31 13:13:07,快兰斯24小时财经,"600436.SH,600129.SH,600211.SH,00874.HK,600332.SH,002864.SZ"
通宇通讯中标中国联通黑龙江美化天线（2023年）集采项目,2023-07-31 13:13:13,快兰斯24小时财经,002792.SZ
医药股持续低迷 恒瑞医药等多股午后跳水,2023-07-31 13:15:19,快兰斯24小时财经,"600276.SH,002864.SZ,688163.SH,300705.SZ,688197.SH"
储能概念异动拉升 华西能源涨停,2023-07-31 13:18:24,快兰斯24小时财经,"300820.SZ,301031.SZ,002630.SZ"
百克生物：目前流感疫苗批签发量正常,2023-07-31 13:23:30,快兰斯24小时财经,688276.SH
水利板块午后异动 韩建河山涨停,2023-07-31 13:35:06,快兰斯24小时财经,"300198.SZ,301038.SZ,002457.SZ,002761.SZ,002205.SZ"
中船系板块震荡拉升 中国重工涨超4%,2023-07-31 13:38:30,快兰斯24小时财经,"300516.SZ,600150.SH,300527.SZ,600482.SH"
西测测试：公司为中航电测的部分产品提供检测服务,2023-07-31 14:06:18,快兰斯24小时财经,300114.SZ
山东海化3亿元设新能源子公司 业务含储能技术服务,2023-07-31 14:42:42,快兰斯24小时财经,000822.SZ
江苏雷利收购无锡世珂59.09%股权 加速拓展新能源汽车热管理业务,2023-07-31 15:55:13,快兰斯24小时财经,"01211.HK,300660.SZ,002594.SZ"
中油工程：子公司签订46.58亿元EPC承包合同,2023-07-31 16:21:19,快兰斯24小时财经,600339.SH
安恒信息：车联网安全相关产品已在一些大型车企实现交付,2023-07-31 16:56:45,快兰斯24小时财经,"01211.HK,002594.SZ"
特力A：拟解散子公司华日丰田,2023-07-31 18:35:54,快兰斯24小时财经,TM.US
美晨生态：与小鹏汽车合作项目在公司主营收入中占比较低,2023-07-31 18:37:12,快兰斯24小时财经,"XPEV.US,09868.HK"
科大讯飞：股东中国移动拟减持不超过1%,2023-07-31 19:01:54,快兰斯24小时财经,002230.SZ
南方精工：上半年净利润亏损1236.08万元,2023-07-31 19:40:15,快兰斯24小时财经,002553.SZ
方正证券：中国信达拟减持公司不超2%股份,2023-07-31 20:08:42,快兰斯24小时财经,01359.HK
积成电子：公司与小鹏汽车暂无业务往来,2023-07-31 20:37:57,快兰斯24小时财经,"XPEV.US,09868.HK"
券商营业部龙虎榜排名更新 多家中小券商营业部上榜,2023-08-01 04:20:25,快兰斯24小时财经,"01456.HK,601456.SH,GS.US"
国泰君安：厨电需求短期有望维持增长,2023-08-01 08:47:48,快兰斯24小时财经,"002677.SZ,002508.SZ,300911.SZ,601211.SH"
酒店及餐饮盘初走强 金陵饭店竞价涨停2天2板,2023-08-01 09:28:54,快兰斯24小时财经,"000428.SZ,605108.SH,000721.SZ,301073.SZ"
证券板块盘初走低 华创云信跌超3%,2023-08-01 09:30:02,快兰斯24小时财经,"600155.SH,002926.SZ,601059.SH,601162.SH"
房地产板块盘初回调走弱,2023-08-01 09:31:44,快兰斯24小时财经,"000656.SZ,002146.SZ,002208.SZ,600683.SH,600376.SH"
核电板块盘初走强 金通灵涨超11%,2023-08-01 09:32:19,快兰斯24小时财经,"300091.SZ,300489.SZ,002630.SZ,300411.SZ,002366.SZ"
工业金属板块异动拉升 金诚信涨超4%,2023-08-01 09:33:30,快兰斯24小时财经,"600362.SH,601899.SH,000807.SZ,02899.HK,00358.HK,000630.SZ"
贵金属早盘走强 中润资源涨超7%,2023-08-01 09:35:19,快兰斯24小时财经,"000506.SZ,001337.SZ,002155.SZ,000975.SZ"
科学仪器板块早盘走强 东方智造涨停,2023-08-01 09:36:30,快兰斯24小时财经,"002175.SZ,688600.SH,300417.SZ,688622.SH"
港股有色金属板块普遍上扬，五矿资源涨超5%,2023-08-01 09:37:55,快兰斯24小时财经,"01208.HK,ACH.US,601600.SH,01378.HK,02600.HK,600547.SH,01787.HK"
互联网电商板块异动下跌 焦点科技跌超7%,2023-08-01 09:41:20,快兰斯24小时财经,"003010.SZ,002803.SZ,002315.SZ"
转基因板块早盘走低 秋乐种业跌超4%,2023-08-01 09:47:17,快兰斯24小时财经,"300087.SZ,600313.SH,300189.SZ,600354.SH"
精进电动：公司是小鹏汽车的供应商,2023-08-01 09:54:09,快兰斯24小时财经,"XPEV.US,09868.HK"
房地产开发板块异动拉升 阳光股份涨停,2023-08-01 10:03:55,快兰斯24小时财经,"000656.SZ,600162.SH,000517.SZ,000926.SZ,600322.SH,000608.SZ"
骄成超声：线束领域客户有比亚迪、均胜电子等,2023-08-01 10:19:37,快兰斯24小时财经,"01211.HK,TEL.US,605333.SH,600699.SH,002594.SZ"
券商股跳水，华创云信跌逾3%,2023-08-01 10:21:20,快兰斯24小时财经,"601059.SH,06030.HK,600155.SH,600030.SH"
存储芯片板块异动拉升 朗科科技涨超10%,2023-08-01 10:21:45,快兰斯24小时财经,"300042.SZ,688385.SH,300475.SZ,300302.SZ"
汽车整车板块异动拉升 众泰汽车2连板,2023-08-01 10:25:49,快兰斯24小时财经,"600166.SH,000572.SZ,000951.SZ,03808.HK,600418.SH,601633.SH,02333.HK,000980.SZ"
信创概念股震荡反弹 诚迈科技涨超10%,2023-08-01 10:45:30,快兰斯24小时财经,"301236.SZ,600536.SH,301316.SZ,300598.SZ,002368.SZ,300302.SZ"
华为欧拉概念股拉升，诚迈科技涨超8%,2023-08-01 11:02:30,快兰斯24小时财经,"301236.SZ,300366.SZ,300339.SZ,600536.SH,300598.SZ"
新型城镇化概念股震荡走弱 锦和商管跌停,2023-08-01 11:04:21,快兰斯24小时财经,"300746.SZ,300844.SZ,301038.SZ,301288.SZ,603682.SH,300826.SZ"
105家公司发布半年报 超9成实现盈利,2023-08-01 11:06:14,快兰斯24小时财经,300750.SZ
科利达35亿定增落地 易方达、泉果、高盛等捧场，赵诣已加仓,2023-08-01 12:50:54,快兰斯24小时财经,"MS.US,UBS.US,300750.SZ,GS.US"
液冷服务器午后走强 浪潮信息涨超5%,2023-08-01 13:03:37,快兰斯24小时财经,"601138.SH,000977.SZ,000938.SZ"
HJT电池持续走低 慈星股份跌超9%,2023-08-01 13:23:18,快兰斯24小时财经,"300093.SZ,300118.SZ,300307.SZ,002459.SZ"
江淮代工百万级问界MPV？一直有业务合作，“明年二季度量产”时间不对,2023-08-01 13:24:44,快兰斯24小时财经,AAPL.US
有色金属概念股震荡拉升 金徽股份午后涨停,2023-08-01 13:36:19,快兰斯24小时财经,"000630.SZ,000060.SZ,000603.SZ,600490.SH,000807.SZ"
稀土永磁概念股午后拉升，中科磁业涨超5%,2023-08-01 13:54:54,快兰斯24小时财经,"300127.SZ,301141.SZ,06680.HK,300748.SZ"
港股电力设备股午后走弱,2023-08-01 14:25:38,快兰斯24小时财经,"00819.HK,00968.HK,03800.HK"
进度远超预期 全球产能最大无机氟化工项目投料试车,2023-08-01 14:33:43,快兰斯24小时财经,"600010.SH,605020.SH"
均普智能交付国内首发量产4D成像雷达产线，上车上汽飞凡R7,2023-08-01 14:46:31,快兰斯24小时财经,600104.SH
许继电气：入围中国能建集中采购项目,2023-08-01 14:56:29,快兰斯24小时财经,000400.SZ
券商股上冲乏力 反弹结束还是蓄势待发？,2023-08-01 15:29:18,快兰斯24小时财经,002500.SZ
测绘股份：签订江苏省城市生命线安全建设一期工程采购合同,2023-08-01 15:42:54,快兰斯24小时财经,300284.SZ
晶科能源N型组件助力大唐百兆瓦项目并网发电,2023-08-01 15:49:42,快兰斯24小时财经,JKS.US
苹果应用商店下架讯飞星火APP 科大讯飞回应：不清楚下架原因 其他APP情况都正常,2023-08-01 15:50:15,快兰斯24小时财经,AAPL.US
欧科亿：收到中标通知书,2023-08-01 15:50:55,快兰斯24小时财经,"00226.HK,01148.HK"
南山铝业：山东宏山80%股权转让价格定为13.18亿元,2023-08-01 16:32:30,快兰斯24小时财经,600219.SH
海思科：富马酸卢帕他定片通过仿制药一致性评价,2023-08-01 16:53:44,快兰斯24小时财经,CSCO.US
永太科技：子公司原料药上市申请获批,2023-08-01 17:02:50,快兰斯24小时财经,MRK.US
雅化集团：与特斯拉续签氢氧化锂供货协议,2023-08-01 18:12:54,快兰斯24小时财经,TSLA.US
星源卓镁收关注函 要求公司与Aptiv的合作模式等,2023-08-01 20:51:57,快兰斯24小时财经,APTV.US
北京银行：与申万宏源证券签署战略合作协议，拟在金融市场、投资银行等领域加强合作,2023-08-01 21:24:27,快兰斯24小时财经,"000166.SZ,06806.HK,000562.SZ"
科大讯飞：讯飞星火APP正在升级优化 苹果商店尚在更新中,2023-08-01 22:34:10,快兰斯24小时财经,AAPL.US
